scenarioId,label,buyCommissionRate,sellCommissionRate,prizeThreshold,revenueModel,avgUserROI,medianUserROI,bestROI,worstROI,volatility,pctAbove0,pctAbovePrizeThreshold,pctAbove5,pctAbove7,pctAbove10,estimatedWinnersPct,totalCommissionsPerParticipant,platformRevenuePerParticipant,avgCommissionsPaidPerParticipant,commissionImpactOnROI,userAttractivenessScore,platformSustainabilityScore,prizeSelectivityScore,antiOvertradingScore,valueDominanceControlScore,simplicityScore,finalScore,overtradingRisk,valueDominanceRisk,holdVsActiveDelta,breakEvenUsers1000Cost
MODEL_A_PREVIOUS_PLATFORM_10,Previous platform 10% delle commissioni,0.02,0.02,7,PLATFORM_10_OF_COMMISSIONS,-2.4519,-3.6640,5.1045,-10.4101,8.9690,39.2284,14.5980,20.3031,14.5980,8.2520,14.5980,7.5668,0.7567,7.5668,3.9816,47.4481,9.4585,86.3919,90.0000,28.4577,100.0000,48.8237,LOW,MEDIUM,-31.2892,1321.56
MODEL_B_COMMISSION_100_BASE,Commissioni 100% base,0.02,0.02,7,COMMISSION_100_TO_PLATFORM,-2.4519,-3.6640,5.1045,-10.4101,8.9690,39.2284,14.5980,20.3031,14.5980,8.2520,14.5980,7.5668,7.5668,7.5668,3.9816,47.4481,94.5850,86.3919,90.0000,28.4577,100.0000,74.3617,LOW,MEDIUM,-31.2892,132.16
MODEL_C_LOW_FEES,Low fees,0.01,0.01,7,COMMISSION_100_TO_PLATFORM,-0.4808,-1.7174,7.2283,-8.5998,9.0377,47.8786,20.3910,27.2112,20.3910,12.3090,20.3910,3.7834,3.7834,3.7834,2.0105,60.3151,47.2925,90.4358,50.0000,26.6080,100.0000,60.0145,LOW,MEDIUM,-31.2892,264.31
MODEL_D_ASYMMETRIC_ORIGINAL_BUY,Asimmetrico originale buy,0.02,0.0125,7,COMMISSION_100_TO_PLATFORM,-1.7053,-2.9267,5.9089,-9.7244,9.0377,42.5168,16.7717,22.9065,16.7717,9.7631,16.7717,6.1482,6.1482,6.1482,3.2350,53.8248,76.8522,95.0869,60.0000,27.7572,68.0000,67.7049,LOW,MEDIUM,-31.2892,162.65
MODEL_E_ASYMMETRIC_SELL_HIGHER,Asimmetrico sell higher,0.015,0.02,7,COMMISSION_100_TO_PLATFORM,-1.9713,-3.1895,5.6223,-9.9688,8.9690,41.3016,15.8593,21.8501,15.8593,9.0981,15.8593,6.6208,6.6208,6.6208,3.5010,51.5375,82.7606,91.4373,90.0000,28.0068,83.0000,71.9507,LOW,MEDIUM,-31.2892,151.04
MODEL_F_BALANCED_MEDIUM,Balanced medium,0.015,0.015,7,COMMISSION_100_TO_PLATFORM,-1.4712,-2.6955,6.1612,-9.5094,9.0377,43.5344,17.4297,23.6988,17.4297,10.2174,17.4297,5.6751,5.6751,5.6751,3.0009,55.8200,70.9387,97.7189,70.0000,27.5374,100.0000,69.5341,LOW,MEDIUM,-31.2892,176.21
MODEL_G_HIGHER_FEES,Higher fees,0.025,0.025,7,COMMISSION_100_TO_PLATFORM,-3.4230,-4.6231,4.0582,-11.3020,8.8775,34.9905,12.0180,17.1361,12.0180,6.5265,12.0180,9.4585,9.4585,9.4585,4.9527,39.1670,100.0000,76.0721,100.0000,29.3691,100.0000,72.9431,LOW,MEDIUM,-31.2892,105.73
MODEL_H_TRADING_BRAKE,Trading brake,0.015,0.03,7,COMMISSION_100_TO_PLATFORM,-2.9716,-4.1773,4.5445,-10.8874,8.8775,36.8912,13.0667,18.4604,13.0667,7.1983,13.0667,8.5123,8.5123,8.5123,4.5013,42.9918,100.0000,80.2667,100.0000,28.9455,83.0000,73.8458,LOW,MEDIUM,-31.2892,117.48
MODEL_I_USER_FRIENDLY,User friendly,0.01,0.02,7,COMMISSION_100_TO_PLATFORM,-1.4860,-2.7102,6.1451,-9.5231,8.9690,43.4202,17.2036,23.4791,17.2036,10.0161,17.2036,5.6749,5.6749,5.6749,3.0157,55.6760,70.9362,96.8146,90.0000,27.5514,83.0000,70.4679,LOW,MEDIUM,-31.2892,176.21
MODEL_J_PLATFORM_STRONG,Platform strong,0.03,0.03,7,COMMISSION_100_TO_PLATFORM,-4.3847,-5.5728,3.0220,-12.1852,8.8775,31.0686,9.9849,14.5227,9.9849,5.2579,9.9849,11.3502,11.3502,11.3502,5.9144,31.0626,100.0000,67.9395,100.0000,30.2715,100.0000,69.3807,LOW,MEDIUM,-31.2892,88.10
MATRIX_BUY_0.50_SELL_0.50_PRIZE_5,"Buy 0.50%, Sell 0.50%, Prize 5%",0.005,0.005,5,COMMISSION_100_TO_PLATFORM,0.5194,-0.7296,8.3060,-7.6812,9.0377,52.2917,31.0030,31.0030,23.6669,14.7088,31.0030,1.8917,1.8917,1.8917,1.0102,64.8604,23.6462,47.9878,30.0000,25.6694,85.0000,42.7235,LOW,MEDIUM,-31.2892,528.63
MATRIX_BUY_0.50_SELL_0.50_PRIZE_7,"Buy 0.50%, Sell 0.50%, Prize 7%",0.005,0.005,7,COMMISSION_100_TO_PLATFORM,0.5194,-0.7296,8.3060,-7.6812,9.0377,52.2917,23.6669,31.0030,23.6669,14.7088,23.6669,1.8917,1.8917,1.8917,1.0102,64.8604,23.6462,77.3326,30.0000,25.6694,85.0000,48.5924,LOW,MEDIUM,-31.2892,528.63
MATRIX_BUY_0.50_SELL_0.50_PRIZE_10,"Buy 0.50%, Sell 0.50%, Prize 10%",0.005,0.005,10,COMMISSION_100_TO_PLATFORM,0.5194,-0.7296,8.3060,-7.6812,9.0377,52.2917,14.7088,31.0030,23.6669,14.7088,14.7088,1.8917,1.8917,1.8917,1.0102,64.8604,23.6462,86.8353,30.0000,25.6694,85.0000,50.4930,LOW,MEDIUM,-31.2892,528.63
MATRIX_BUY_0.50_SELL_0.50_PRIZE_12,"Buy 0.50%, Sell 0.50%, Prize 12%",0.005,0.005,12,COMMISSION_100_TO_PLATFORM,0.5194,-0.7296,8.3060,-7.6812,9.0377,52.2917,10.1989,31.0030,23.6669,14.7088,10.1989,1.8917,1.8917,1.8917,1.0102,64.8604,23.6462,68.7957,30.0000,25.6694,85.0000,46.8850,LOW,MEDIUM,-31.2892,528.63
MATRIX_BUY_0.50_SELL_1.00_PRIZE_5,"Buy 0.50%, Sell 1.00%, Prize 5%",0.005,0.01,5,COMMISSION_100_TO_PLATFORM,0.0143,-1.2285,7.7617,-8.1451,9.0377,50.0632,29.0592,29.0592,21.9776,13.4603,29.0592,2.8374,2.8374,2.8374,1.5154,62.5651,35.4681,55.7630,50.0000,26.1434,68.0000,48.4486,LOW,MEDIUM,-31.2892,352.43
MATRIX_BUY_0.50_SELL_1.00_PRIZE_7,"Buy 0.50%, Sell 1.00%, Prize 7%",0.005,0.01,7,COMMISSION_100_TO_PLATFORM,0.0143,-1.2285,7.7617,-8.1451,9.0377,50.0632,21.9776,29.0592,21.9776,13.4603,21.9776,2.8374,2.8374,2.8374,1.5154,62.5651,35.4681,84.0897,50.0000,26.1434,68.0000,54.1140,LOW,MEDIUM,-31.2892,352.43
MATRIX_BUY_0.50_SELL_1.00_PRIZE_10,"Buy 0.50%, Sell 1.00%, Prize 10%",0.005,0.01,10,COMMISSION_100_TO_PLATFORM,0.0143,-1.2285,7.7617,-8.1451,9.0377,50.0632,13.4603,29.0592,21.9776,13.4603,13.4603,2.8374,2.8374,2.8374,1.5154,62.5651,35.4681,81.8411,50.0000,26.1434,68.0000,53.6643,LOW,MEDIUM,-31.2892,352.43
MATRIX_BUY_0.50_SELL_1.00_PRIZE_12,"Buy 0.50%, Sell 1.00%, Prize 12%",0.005,0.01,12,COMMISSION_100_TO_PLATFORM,0.0143,-1.2285,7.7617,-8.1451,9.0377,50.0632,9.2389,29.0592,21.9776,13.4603,9.2389,2.8374,2.8374,2.8374,1.5154,62.5651,35.4681,64.9554,50.0000,26.1434,68.0000,50.2871,LOW,MEDIUM,-31.2892,352.43
MATRIX_BUY_0.50_SELL_1.25_PRIZE_5,"Buy 0.50%, Sell 1.25%, Prize 5%",0.005,0.0125,5,COMMISSION_100_TO_PLATFORM,-0.2382,-1.4779,7.4896,-8.3771,9.0377,48.9485,28.1092,28.1092,21.1596,12.8641,28.1092,3.3103,3.3103,3.3103,1.7679,61.4172,41.3790,59.5632,60.0000,26.3804,68.0000,51.7187,LOW,MEDIUM,-31.2892,302.09
MATRIX_BUY_0.50_SELL_1.25_PRIZE_7,"Buy 0.50%, Sell 1.25%, Prize 7%",0.005,0.0125,7,COMMISSION_100_TO_PLATFORM,-0.2382,-1.4779,7.4896,-8.3771,9.0377,48.9485,21.1596,28.1092,21.1596,12.8641,21.1596,3.3103,3.3103,3.3103,1.7679,61.4172,41.3790,87.3616,60.0000,26.3804,68.0000,57.2784,LOW,MEDIUM,-31.2892,302.09
MATRIX_BUY_0.50_SELL_1.25_PRIZE_10,"Buy 0.50%, Sell 1.25%, Prize 10%",0.005,0.0125,10,COMMISSION_100_TO_PLATFORM,-0.2382,-1.4779,7.4896,-8.3771,9.0377,48.9485,12.8641,28.1092,21.1596,12.8641,12.8641,3.3103,3.3103,3.3103,1.7679,61.4172,41.3790,79.4564,60.0000,26.3804,68.0000,55.6973,LOW,MEDIUM,-31.2892,302.09
MATRIX_BUY_0.50_SELL_1.25_PRIZE_12,"Buy 0.50%, Sell 1.25%, Prize 12%",0.005,0.0125,12,COMMISSION_100_TO_PLATFORM,-0.2382,-1.4779,7.4896,-8.3771,9.0377,48.9485,8.7847,28.1092,21.1596,12.8641,8.7847,3.3103,3.3103,3.3103,1.7679,61.4172,41.3790,63.1387,60.0000,26.3804,68.0000,52.4338,LOW,MEDIUM,-31.2892,302.09
MATRIX_BUY_0.50_SELL_1.50_PRIZE_5,"Buy 0.50%, Sell 1.50%, Prize 5%",0.005,0.015,5,COMMISSION_100_TO_PLATFORM,-0.4908,-1.7273,7.2175,-8.6090,9.0377,47.8345,27.1744,27.1744,20.3597,12.2865,27.1744,3.7832,3.7832,3.7832,2.0205,60.2697,47.2900,63.3022,70.0000,26.6174,68.0000,54.9766,LOW,MEDIUM,-31.2892,264.33
MATRIX_BUY_0.50_SELL_1.50_PRIZE_7,"Buy 0.50%, Sell 1.50%, Prize 7%",0.005,0.015,7,COMMISSION_100_TO_PLATFORM,-0.4908,-1.7273,7.2175,-8.6090,9.0377,47.8345,20.3597,27.1744,20.3597,12.2865,20.3597,3.7832,3.7832,3.7832,2.0205,60.2697,47.2900,90.5612,70.0000,26.6174,68.0000,60.4284,LOW,MEDIUM,-31.2892,264.33
MATRIX_BUY_0.50_SELL_1.50_PRIZE_10,"Buy 0.50%, Sell 1.50%, Prize 10%",0.005,0.015,10,COMMISSION_100_TO_PLATFORM,-0.4908,-1.7273,7.2175,-8.6090,9.0377,47.8345,12.2865,27.1744,20.3597,12.2865,12.2865,3.7832,3.7832,3.7832,2.0205,60.2697,47.2900,77.1459,70.0000,26.6174,68.0000,57.7453,LOW,MEDIUM,-31.2892,264.33
MATRIX_BUY_0.50_SELL_1.50_PRIZE_12,"Buy 0.50%, Sell 1.50%, Prize 12%",0.005,0.015,12,COMMISSION_100_TO_PLATFORM,-0.4908,-1.7273,7.2175,-8.6090,9.0377,47.8345,8.3474,27.1744,20.3597,12.2865,8.3474,3.7832,3.7832,3.7832,2.0205,60.2697,47.2900,61.3894,70.0000,26.6174,68.0000,54.5940,LOW,MEDIUM,-31.2892,264.33
MATRIX_BUY_0.50_SELL_2.00_PRIZE_5,"Buy 0.50%, Sell 2.00%, Prize 5%",0.005,0.02,5,COMMISSION_100_TO_PLATFORM,-0.9959,-2.2262,6.6732,-9.0729,8.9690,45.5792,25.1903,25.1903,18.6330,11.0102,25.1903,4.7289,4.7289,4.7289,2.5256,57.9649,59.1118,71.2389,90.0000,27.0914,68.0000,61.5817,LOW,MEDIUM,-31.2892,211.46
MATRIX_BUY_0.50_SELL_2.00_PRIZE_7,"Buy 0.50%, Sell 2.00%, Prize 7%",0.005,0.02,7,COMMISSION_100_TO_PLATFORM,-0.9959,-2.2262,6.6732,-9.0729,8.9690,45.5792,18.6330,25.1903,18.6330,11.0102,18.6330,4.7289,4.7289,4.7289,2.5256,57.9649,59.1118,97.4681,90.0000,27.0914,68.0000,66.8276,LOW,MEDIUM,-31.2892,211.46
MATRIX_BUY_0.50_SELL_2.00_PRIZE_10,"Buy 0.50%, Sell 2.00%, Prize 10%",0.005,0.02,10,COMMISSION_100_TO_PLATFORM,-0.9959,-2.2262,6.6732,-9.0729,8.9690,45.5792,11.0102,25.1903,18.6330,11.0102,11.0102,4.7289,4.7289,4.7289,2.5256,57.9649,59.1118,72.0408,90.0000,27.0914,68.0000,61.7421,LOW,MEDIUM,-31.2892,211.46
MATRIX_BUY_0.50_SELL_2.00_PRIZE_12,"Buy 0.50%, Sell 2.00%, Prize 12%",0.005,0.02,12,COMMISSION_100_TO_PLATFORM,-0.9959,-2.2262,6.6732,-9.0729,8.9690,45.5792,7.3672,25.1903,18.6330,11.0102,7.3672,4.7289,4.7289,4.7289,2.5256,57.9649,59.1118,57.4689,90.0000,27.0914,68.0000,58.8277,LOW,MEDIUM,-31.2892,211.46
MATRIX_BUY_0.50_SELL_2.50_PRIZE_5,"Buy 0.50%, Sell 2.50%, Prize 5%",0.005,0.025,5,COMMISSION_100_TO_PLATFORM,-1.5010,-2.7250,6.1290,-9.5368,8.8775,43.2865,23.1991,23.1991,16.9134,9.7570,23.1991,5.6747,5.6747,5.6747,3.0307,55.5242,70.9337,79.2035,100.0000,27.5655,68.0000,67.1584,LOW,MEDIUM,-31.2892,176.22
MATRIX_BUY_0.50_SELL_2.50_PRIZE_7,"Buy 0.50%, Sell 2.50%, Prize 7%",0.005,0.025,7,COMMISSION_100_TO_PLATFORM,-1.5010,-2.7250,6.1290,-9.5368,8.8775,43.2865,16.9134,23.1991,16.9134,9.7570,16.9134,5.6747,5.6747,5.6747,3.0307,55.5242,70.9337,95.6536,100.0000,27.5655,68.0000,70.4484,LOW,MEDIUM,-31.2892,176.22
MATRIX_BUY_0.50_SELL_2.50_PRIZE_10,"Buy 0.50%, Sell 2.50%, Prize 10%",0.005,0.025,10,COMMISSION_100_TO_PLATFORM,-1.5010,-2.7250,6.1290,-9.5368,8.8775,43.2865,9.7570,23.1991,16.9134,9.7570,9.7570,5.6747,5.6747,5.6747,3.0307,55.5242,70.9337,67.0279,100.0000,27.5655,68.0000,64.7233,LOW,MEDIUM,-31.2892,176.22
MATRIX_BUY_0.50_SELL_2.50_PRIZE_12,"Buy 0.50%, Sell 2.50%, Prize 12%",0.005,0.025,12,COMMISSION_100_TO_PLATFORM,-1.5010,-2.7250,6.1290,-9.5368,8.8775,43.2865,6.4153,23.1991,16.9134,9.7570,6.4153,5.6747,5.6747,5.6747,3.0307,55.5242,70.9337,53.6614,100.0000,27.5655,68.0000,62.0500,LOW,MEDIUM,-31.2892,176.22
MATRIX_BUY_0.50_SELL_3.00_PRIZE_5,"Buy 0.50%, Sell 3.00%, Prize 5%",0.005,0.03,5,COMMISSION_100_TO_PLATFORM,-2.0062,-3.2239,5.5847,-10.0007,8.8775,41.0607,21.4996,21.4996,15.5174,8.8120,21.4996,6.6204,6.6204,6.6204,3.5359,51.2093,82.7556,86.0014,100.0000,28.0395,68.0000,71.0332,LOW,MEDIUM,-31.2892,151.05
MATRIX_BUY_0.50_SELL_3.00_PRIZE_7,"Buy 0.50%, Sell 3.00%, Prize 7%",0.005,0.03,7,COMMISSION_100_TO_PLATFORM,-2.0062,-3.2239,5.5847,-10.0007,8.8775,41.0607,15.5174,21.4996,15.5174,8.8120,15.5174,6.6204,6.6204,6.6204,3.5359,51.2093,82.7556,90.0696,100.0000,28.0395,68.0000,71.8469,LOW,MEDIUM,-31.2892,151.05
MATRIX_BUY_0.50_SELL_3.00_PRIZE_10,"Buy 0.50%, Sell 3.00%, Prize 10%",0.005,0.03,10,COMMISSION_100_TO_PLATFORM,-2.0062,-3.2239,5.5847,-10.0007,8.8775,41.0607,8.8120,21.4996,15.5174,8.8120,8.8120,6.6204,6.6204,6.6204,3.5359,51.2093,82.7556,63.2480,100.0000,28.0395,68.0000,66.4825,LOW,MEDIUM,-31.2892,151.05
MATRIX_BUY_0.50_SELL_3.00_PRIZE_12,"Buy 0.50%, Sell 3.00%, Prize 12%",0.005,0.03,12,COMMISSION_100_TO_PLATFORM,-2.0062,-3.2239,5.5847,-10.0007,8.8775,41.0607,5.7316,21.4996,15.5174,8.8120,5.7316,6.6204,6.6204,6.6204,3.5359,51.2093,82.7556,50.9264,100.0000,28.0395,68.0000,64.0182,LOW,MEDIUM,-31.2892,151.05
MATRIX_BUY_1.00_SELL_0.50_PRIZE_5,"Buy 1.00%, Sell 0.50%, Prize 5%",0.01,0.005,5,COMMISSION_100_TO_PLATFORM,0.0218,-1.2211,7.7698,-8.1382,9.0377,50.0963,29.0877,29.0877,22.0021,13.4783,29.0877,2.8376,2.8376,2.8376,1.5079,62.5992,35.4706,55.6492,30.0000,26.1363,68.0000,46.4345,LOW,MEDIUM,-31.2892,352.40
MATRIX_BUY_1.00_SELL_0.50_PRIZE_7,"Buy 1.00%, Sell 0.50%, Prize 7%",0.01,0.005,7,COMMISSION_100_TO_PLATFORM,0.0218,-1.2211,7.7698,-8.1382,9.0377,50.0963,22.0021,29.0877,22.0021,13.4783,22.0021,2.8376,2.8376,2.8376,1.5079,62.5992,35.4706,83.9914,30.0000,26.1363,68.0000,52.1029,LOW,MEDIUM,-31.2892,352.40
MATRIX_BUY_1.00_SELL_0.50_PRIZE_10,"Buy 1.00%, Sell 0.50%, Prize 10%",0.01,0.005,10,COMMISSION_100_TO_PLATFORM,0.0218,-1.2211,7.7698,-8.1382,9.0377,50.0963,13.4783,29.0877,22.0021,13.4783,13.4783,2.8376,2.8376,2.8376,1.5079,62.5992,35.4706,81.9131,30.0000,26.1363,68.0000,51.6872,LOW,MEDIUM,-31.2892,352.40
MATRIX_BUY_1.00_SELL_0.50_PRIZE_12,"Buy 1.00%, Sell 0.50%, Prize 12%",0.01,0.005,12,COMMISSION_100_TO_PLATFORM,0.0218,-1.2211,7.7698,-8.1382,9.0377,50.0963,9.2526,29.0877,22.0021,13.4783,9.2526,2.8376,2.8376,2.8376,1.5079,62.5992,35.4706,65.0104,30.0000,26.1363,68.0000,48.3067,LOW,MEDIUM,-31.2892,352.40
MATRIX_BUY_1.00_SELL_1.00_PRIZE_5,"Buy 1.00%, Sell 1.00%, Prize 5%",0.01,0.01,5,COMMISSION_100_TO_PLATFORM,-0.4808,-1.7174,7.2283,-8.5998,9.0377,47.8786,27.2112,27.2112,20.3910,12.3090,27.2112,3.7834,3.7834,3.7834,2.0105,60.3151,47.2925,63.1553,50.0000,26.6080,100.0000,54.5584,LOW,MEDIUM,-31.2892,264.31
MATRIX_BUY_1.00_SELL_1.00_PRIZE_7,"Buy 1.00%, Sell 1.00%, Prize 7%",0.01,0.01,7,COMMISSION_100_TO_PLATFORM,-0.4808,-1.7174,7.2283,-8.5998,9.0377,47.8786,20.3910,27.2112,20.3910,12.3090,20.3910,3.7834,3.7834,3.7834,2.0105,60.3151,47.2925,90.4358,50.0000,26.6080,100.0000,60.0145,LOW,MEDIUM,-31.2892,264.31
MATRIX_BUY_1.00_SELL_1.00_PRIZE_10,"Buy 1.00%, Sell 1.00%, Prize 10%",0.01,0.01,10,COMMISSION_100_TO_PLATFORM,-0.4808,-1.7174,7.2283,-8.5998,9.0377,47.8786,12.3090,27.2112,20.3910,12.3090,12.3090,3.7834,3.7834,3.7834,2.0105,60.3151,47.2925,77.2360,50.0000,26.6080,100.0000,57.3745,LOW,MEDIUM,-31.2892,264.31
MATRIX_BUY_1.00_SELL_1.00_PRIZE_12,"Buy 1.00%, Sell 1.00%, Prize 12%",0.01,0.01,12,COMMISSION_100_TO_PLATFORM,-0.4808,-1.7174,7.2283,-8.5998,9.0377,47.8786,8.3644,27.2112,20.3910,12.3090,8.3644,3.7834,3.7834,3.7834,2.0105,60.3151,47.2925,61.4574,50.0000,26.6080,100.0000,54.2188,LOW,MEDIUM,-31.2892,264.31
MATRIX_BUY_1.00_SELL_1.25_PRIZE_5,"Buy 1.00%, Sell 1.25%, Prize 5%",0.01,0.0125,5,COMMISSION_100_TO_PLATFORM,-0.7321,-1.9656,6.9575,-8.8306,9.0377,46.7718,26.2960,26.2960,19.6126,11.7518,26.2960,4.2563,4.2563,4.2563,2.2618,59.1738,53.2034,66.8159,60.0000,26.8439,68.0000,56.2020,LOW,MEDIUM,-31.2892,234.95
MATRIX_BUY_1.00_SELL_1.25_PRIZE_7,"Buy 1.00%, Sell 1.25%, Prize 7%",0.01,0.0125,7,COMMISSION_100_TO_PLATFORM,-0.7321,-1.9656,6.9575,-8.8306,9.0377,46.7718,19.6126,26.2960,19.6126,11.7518,19.6126,4.2563,4.2563,4.2563,2.2618,59.1738,53.2034,93.5497,60.0000,26.8439,68.0000,61.5488,LOW,MEDIUM,-31.2892,234.95
MATRIX_BUY_1.00_SELL_1.25_PRIZE_10,"Buy 1.00%, Sell 1.25%, Prize 10%",0.01,0.0125,10,COMMISSION_100_TO_PLATFORM,-0.7321,-1.9656,6.9575,-8.8306,9.0377,46.7718,11.7518,26.2960,19.6126,11.7518,11.7518,4.2563,4.2563,4.2563,2.2618,59.1738,53.2034,75.0073,60.0000,26.8439,68.0000,57.8403,LOW,MEDIUM,-31.2892,234.95
MATRIX_BUY_1.00_SELL_1.25_PRIZE_12,"Buy 1.00%, Sell 1.25%, Prize 12%",0.01,0.0125,12,COMMISSION_100_TO_PLATFORM,-0.7321,-1.9656,6.9575,-8.8306,9.0377,46.7718,7.9450,26.2960,19.6126,11.7518,7.9450,4.2563,4.2563,4.2563,2.2618,59.1738,53.2034,59.7800,60.0000,26.8439,68.0000,54.7949,LOW,MEDIUM,-31.2892,234.95
MATRIX_BUY_1.00_SELL_1.50_PRIZE_5,"Buy 1.00%, Sell 1.50%, Prize 5%",0.01,0.015,5,COMMISSION_100_TO_PLATFORM,-0.9834,-2.2138,6.6867,-9.0614,9.0377,45.6675,25.3969,25.3969,18.8524,11.2127,25.3969,4.7291,4.7291,4.7291,2.5131,58.0334,59.1143,70.4126,70.0000,27.0797,83.0000,60.1831,LOW,MEDIUM,-31.2892,211.45
MATRIX_BUY_1.00_SELL_1.50_PRIZE_7,"Buy 1.00%, Sell 1.50%, Prize 7%",0.01,0.015,7,COMMISSION_100_TO_PLATFORM,-0.9834,-2.2138,6.6867,-9.0614,9.0377,45.6675,18.8524,25.3969,18.8524,11.2127,18.8524,4.7291,4.7291,4.7291,2.5131,58.0334,59.1143,96.5904,70.0000,27.0797,83.0000,65.4187,LOW,MEDIUM,-31.2892,211.45
MATRIX_BUY_1.00_SELL_1.50_PRIZE_10,"Buy 1.00%, Sell 1.50%, Prize 10%",0.01,0.015,10,COMMISSION_100_TO_PLATFORM,-0.9834,-2.2138,6.6867,-9.0614,9.0377,45.6675,11.2127,25.3969,18.8524,11.2127,11.2127,4.7291,4.7291,4.7291,2.5131,58.0334,59.1143,72.8510,70.0000,27.0797,83.0000,60.6708,LOW,MEDIUM,-31.2892,211.45
MATRIX_BUY_1.00_SELL_1.50_PRIZE_12,"Buy 1.00%, Sell 1.50%, Prize 12%",0.01,0.015,12,COMMISSION_100_TO_PLATFORM,-0.9834,-2.2138,6.6867,-9.0614,9.0377,45.6675,7.5418,25.3969,18.8524,11.2127,7.5418,4.7291,4.7291,4.7291,2.5131,58.0334,59.1143,58.1671,70.0000,27.0797,83.0000,57.7340,LOW,MEDIUM,-31.2892,211.45
MATRIX_BUY_1.00_SELL_2.00_PRIZE_5,"Buy 1.00%, Sell 2.00%, Prize 5%",0.01,0.02,5,COMMISSION_100_TO_PLATFORM,-1.4860,-2.7102,6.1451,-9.5231,8.9690,43.4202,23.4791,23.4791,17.2036,10.0161,23.4791,5.6749,5.6749,5.6749,3.0157,55.6760,70.9362,78.0836,90.0000,27.5514,83.0000,66.7217,LOW,MEDIUM,-31.2892,176.21
MATRIX_BUY_1.00_SELL_2.00_PRIZE_7,"Buy 1.00%, Sell 2.00%, Prize 7%",0.01,0.02,7,COMMISSION_100_TO_PLATFORM,-1.4860,-2.7102,6.1451,-9.5231,8.9690,43.4202,17.2036,23.4791,17.2036,10.0161,17.2036,5.6749,5.6749,5.6749,3.0157,55.6760,70.9362,96.8146,90.0000,27.5514,83.0000,70.4679,LOW,MEDIUM,-31.2892,176.21
MATRIX_BUY_1.00_SELL_2.00_PRIZE_10,"Buy 1.00%, Sell 2.00%, Prize 10%",0.01,0.02,10,COMMISSION_100_TO_PLATFORM,-1.4860,-2.7102,6.1451,-9.5231,8.9690,43.4202,10.0161,23.4791,17.2036,10.0161,10.0161,5.6749,5.6749,5.6749,3.0157,55.6760,70.9362,68.0646,90.0000,27.5514,83.0000,64.7179,LOW,MEDIUM,-31.2892,176.21
MATRIX_BUY_1.00_SELL_2.00_PRIZE_12,"Buy 1.00%, Sell 2.00%, Prize 12%",0.01,0.02,12,COMMISSION_100_TO_PLATFORM,-1.4860,-2.7102,6.1451,-9.5231,8.9690,43.4202,6.6339,23.4791,17.2036,10.0161,6.6339,5.6749,5.6749,5.6749,3.0157,55.6760,70.9362,54.5358,90.0000,27.5514,83.0000,62.0122,LOW,MEDIUM,-31.2892,176.21
MATRIX_BUY_1.00_SELL_2.50_PRIZE_5,"Buy 1.00%, Sell 2.50%, Prize 5%",0.01,0.025,5,COMMISSION_100_TO_PLATFORM,-1.9887,-3.2066,5.6036,-9.9847,8.8775,41.1374,21.5573,21.5573,15.5645,8.8436,21.5573,6.6206,6.6206,6.6206,3.5184,51.3587,82.7581,85.7708,100.0000,28.0230,83.0000,71.7736,LOW,MEDIUM,-31.2892,151.04
MATRIX_BUY_1.00_SELL_2.50_PRIZE_7,"Buy 1.00%, Sell 2.50%, Prize 7%",0.01,0.025,7,COMMISSION_100_TO_PLATFORM,-1.9887,-3.2066,5.6036,-9.9847,8.8775,41.1374,15.5645,21.5573,15.5645,8.8436,15.5645,6.6206,6.6206,6.6206,3.5184,51.3587,82.7581,90.2579,100.0000,28.0230,83.0000,72.6710,LOW,MEDIUM,-31.2892,151.04
MATRIX_BUY_1.00_SELL_2.50_PRIZE_10,"Buy 1.00%, Sell 2.50%, Prize 10%",0.01,0.025,10,COMMISSION_100_TO_PLATFORM,-1.9887,-3.2066,5.6036,-9.9847,8.8775,41.1374,8.8436,21.5573,15.5645,8.8436,8.8436,6.6206,6.6206,6.6206,3.5184,51.3587,82.7581,63.3742,100.0000,28.0230,83.0000,67.2942,LOW,MEDIUM,-31.2892,151.04
MATRIX_BUY_1.00_SELL_2.50_PRIZE_12,"Buy 1.00%, Sell 2.50%, Prize 12%",0.01,0.025,12,COMMISSION_100_TO_PLATFORM,-1.9887,-3.2066,5.6036,-9.9847,8.8775,41.1374,5.7543,21.5573,15.5645,8.8436,5.7543,6.6206,6.6206,6.6206,3.5184,51.3587,82.7581,51.0171,100.0000,28.0230,83.0000,64.8228,LOW,MEDIUM,-31.2892,151.04
MATRIX_BUY_1.00_SELL_3.00_PRIZE_5,"Buy 1.00%, Sell 3.00%, Prize 5%",0.01,0.03,5,COMMISSION_100_TO_PLATFORM,-2.4913,-3.7029,5.0620,-10.4463,8.8775,38.9498,19.9377,19.9377,14.2504,7.9703,19.9377,7.5664,7.5664,7.5664,4.0210,47.0746,94.5799,92.2493,100.0000,28.4947,83.0000,75.5920,LOW,MEDIUM,-31.2892,132.16
MATRIX_BUY_1.00_SELL_3.00_PRIZE_7,"Buy 1.00%, Sell 3.00%, Prize 7%",0.01,0.03,7,COMMISSION_100_TO_PLATFORM,-2.4913,-3.7029,5.0620,-10.4463,8.8775,38.9498,14.2504,19.9377,14.2504,7.9703,14.2504,7.5664,7.5664,7.5664,4.0210,47.0746,94.5799,85.0016,100.0000,28.4947,83.0000,74.1424,LOW,MEDIUM,-31.2892,132.16
MATRIX_BUY_1.00_SELL_3.00_PRIZE_10,"Buy 1.00%, Sell 3.00%, Prize 10%",0.01,0.03,10,COMMISSION_100_TO_PLATFORM,-2.4913,-3.7029,5.0620,-10.4463,8.8775,38.9498,7.9703,19.9377,14.2504,7.9703,7.9703,7.5664,7.5664,7.5664,4.0210,47.0746,94.5799,59.8814,100.0000,28.4947,83.0000,69.1184,LOW,MEDIUM,-31.2892,132.16
MATRIX_BUY_1.00_SELL_3.00_PRIZE_12,"Buy 1.00%, Sell 3.00%, Prize 12%",0.01,0.03,12,COMMISSION_100_TO_PLATFORM,-2.4913,-3.7029,5.0620,-10.4463,8.8775,38.9498,5.1302,19.9377,14.2504,7.9703,5.1302,7.5664,7.5664,7.5664,4.0210,47.0746,94.5799,48.5208,100.0000,28.4947,83.0000,66.8463,LOW,MEDIUM,-31.2892,132.16
MATRIX_BUY_1.50_SELL_0.50_PRIZE_5,"Buy 1.50%, Sell 0.50%, Prize 5%",0.015,0.005,5,COMMISSION_100_TO_PLATFORM,-0.4709,-1.7077,7.2389,-8.5907,9.0377,47.9223,27.2476,27.2476,20.4221,12.3313,27.2476,3.7836,3.7836,3.7836,2.0006,60.3601,47.2950,63.0098,30.0000,26.5987,68.0000,50.9404,LOW,MEDIUM,-31.2892,264.30
MATRIX_BUY_1.50_SELL_0.50_PRIZE_7,"Buy 1.50%, Sell 0.50%, Prize 7%",0.015,0.005,7,COMMISSION_100_TO_PLATFORM,-0.4709,-1.7077,7.2389,-8.5907,9.0377,47.9223,20.4221,27.2476,20.4221,12.3313,20.4221,3.7836,3.7836,3.7836,2.0006,60.3601,47.2950,90.3116,30.0000,26.5987,68.0000,56.4007,LOW,MEDIUM,-31.2892,264.30
MATRIX_BUY_1.50_SELL_0.50_PRIZE_10,"Buy 1.50%, Sell 0.50%, Prize 10%",0.015,0.005,10,COMMISSION_100_TO_PLATFORM,-0.4709,-1.7077,7.2389,-8.5907,9.0377,47.9223,12.3313,27.2476,20.4221,12.3313,12.3313,3.7836,3.7836,3.7836,2.0006,60.3601,47.2950,77.3253,30.0000,26.5987,68.0000,53.8035,LOW,MEDIUM,-31.2892,264.30
MATRIX_BUY_1.50_SELL_0.50_PRIZE_12,"Buy 1.50%, Sell 0.50%, Prize 12%",0.015,0.005,12,COMMISSION_100_TO_PLATFORM,-0.4709,-1.7077,7.2389,-8.5907,9.0377,47.9223,8.3812,27.2476,20.4221,12.3313,8.3812,3.7836,3.7836,3.7836,2.0006,60.3601,47.2950,61.5249,30.0000,26.5987,68.0000,50.6434,LOW,MEDIUM,-31.2892,264.30
MATRIX_BUY_1.50_SELL_1.00_PRIZE_5,"Buy 1.50%, Sell 1.00%, Prize 5%",0.015,0.01,5,COMMISSION_100_TO_PLATFORM,-0.9710,-2.2016,6.7000,-9.0501,9.0377,45.7218,25.4408,25.4408,18.8894,11.2389,25.4408,4.7293,4.7293,4.7293,2.5007,58.0895,59.1169,70.2369,50.0000,27.0681,83.0000,58.1616,LOW,MEDIUM,-31.2892,211.45
MATRIX_BUY_1.50_SELL_1.00_PRIZE_7,"Buy 1.50%, Sell 1.00%, Prize 7%",0.015,0.01,7,COMMISSION_100_TO_PLATFORM,-0.9710,-2.2016,6.7000,-9.0501,9.0377,45.7218,18.8894,25.4408,18.8894,11.2389,18.8894,4.7293,4.7293,4.7293,2.5007,58.0895,59.1169,96.4424,50.0000,27.0681,83.0000,63.4027,LOW,MEDIUM,-31.2892,211.45
MATRIX_BUY_1.50_SELL_1.00_PRIZE_10,"Buy 1.50%, Sell 1.00%, Prize 10%",0.015,0.01,10,COMMISSION_100_TO_PLATFORM,-0.9710,-2.2016,6.7000,-9.0501,9.0377,45.7218,11.2389,25.4408,18.8894,11.2389,11.2389,4.7293,4.7293,4.7293,2.5007,58.0895,59.1169,72.9555,50.0000,27.0681,83.0000,58.7053,LOW,MEDIUM,-31.2892,211.45
MATRIX_BUY_1.50_SELL_1.00_PRIZE_12,"Buy 1.50%, Sell 1.00%, Prize 12%",0.015,0.01,12,COMMISSION_100_TO_PLATFORM,-0.9710,-2.2016,6.7000,-9.0501,9.0377,45.7218,7.5613,25.4408,18.8894,11.2389,7.5613,4.7293,4.7293,4.7293,2.5007,58.0895,59.1169,58.2450,50.0000,27.0681,83.0000,55.7632,LOW,MEDIUM,-31.2892,211.45
MATRIX_BUY_1.50_SELL_1.25_PRIZE_5,"Buy 1.50%, Sell 1.25%, Prize 5%",0.015,0.0125,5,COMMISSION_100_TO_PLATFORM,-1.2211,-2.4486,6.4306,-9.2797,9.0377,44.6261,24.5615,24.5615,18.1504,10.7194,24.5615,5.2022,5.2022,5.2022,2.7508,56.9558,65.0278,73.7539,60.0000,27.3028,68.0000,60.6283,LOW,MEDIUM,-31.2892,192.23
MATRIX_BUY_1.50_SELL_1.25_PRIZE_7,"Buy 1.50%, Sell 1.25%, Prize 7%",0.015,0.0125,7,COMMISSION_100_TO_PLATFORM,-1.2211,-2.4486,6.4306,-9.2797,9.0377,44.6261,18.1504,24.5615,18.1504,10.7194,18.1504,5.2022,5.2022,5.2022,2.7508,56.9558,65.0278,99.3985,60.0000,27.3028,68.0000,65.7572,LOW,MEDIUM,-31.2892,192.23
MATRIX_BUY_1.50_SELL_1.25_PRIZE_10,"Buy 1.50%, Sell 1.25%, Prize 10%",0.015,0.0125,10,COMMISSION_100_TO_PLATFORM,-1.2211,-2.4486,6.4306,-9.2797,9.0377,44.6261,10.7194,24.5615,18.1504,10.7194,10.7194,5.2022,5.2022,5.2022,2.7508,56.9558,65.0278,70.8774,60.0000,27.3028,68.0000,60.0530,LOW,MEDIUM,-31.2892,192.23
MATRIX_BUY_1.50_SELL_1.25_PRIZE_12,"Buy 1.50%, Sell 1.25%, Prize 12%",0.015,0.0125,12,COMMISSION_100_TO_PLATFORM,-1.2211,-2.4486,6.4306,-9.2797,9.0377,44.6261,7.1749,24.5615,18.1504,10.7194,7.1749,5.2022,5.2022,5.2022,2.7508,56.9558,65.0278,56.6996,60.0000,27.3028,68.0000,57.2175,LOW,MEDIUM,-31.2892,192.23
MATRIX_BUY_1.50_SELL_1.50_PRIZE_5,"Buy 1.50%, Sell 1.50%, Prize 5%",0.015,0.015,5,COMMISSION_100_TO_PLATFORM,-1.4712,-2.6955,6.1612,-9.5094,9.0377,43.5344,23.6988,23.6988,17.4297,10.2174,23.6988,5.6751,5.6751,5.6751,3.0009,55.8200,70.9387,77.2046,70.0000,27.5374,100.0000,65.4313,LOW,MEDIUM,-31.2892,176.21
MATRIX_BUY_1.50_SELL_1.50_PRIZE_7,"Buy 1.50%, Sell 1.50%, Prize 7%",0.015,0.015,7,COMMISSION_100_TO_PLATFORM,-1.4712,-2.6955,6.1612,-9.5094,9.0377,43.5344,17.4297,23.6988,17.4297,10.2174,17.4297,5.6751,5.6751,5.6751,3.0009,55.8200,70.9387,97.7189,70.0000,27.5374,100.0000,69.5341,LOW,MEDIUM,-31.2892,176.21
MATRIX_BUY_1.50_SELL_1.50_PRIZE_10,"Buy 1.50%, Sell 1.50%, Prize 10%",0.015,0.015,10,COMMISSION_100_TO_PLATFORM,-1.4712,-2.6955,6.1612,-9.5094,9.0377,43.5344,10.2174,23.6988,17.4297,10.2174,10.2174,5.6751,5.6751,5.6751,3.0009,55.8200,70.9387,68.8695,70.0000,27.5374,100.0000,63.7643,LOW,MEDIUM,-31.2892,176.21
MATRIX_BUY_1.50_SELL_1.50_PRIZE_12,"Buy 1.50%, Sell 1.50%, Prize 12%",0.015,0.015,12,COMMISSION_100_TO_PLATFORM,-1.4712,-2.6955,6.1612,-9.5094,9.0377,43.5344,6.8039,23.6988,17.4297,10.2174,6.8039,5.6751,5.6751,5.6751,3.0009,55.8200,70.9387,55.2155,70.0000,27.5374,100.0000,61.0335,LOW,MEDIUM,-31.2892,176.21
MATRIX_BUY_1.50_SELL_2.00_PRIZE_5,"Buy 1.50%, Sell 2.00%, Prize 5%",0.015,0.02,5,COMMISSION_100_TO_PLATFORM,-1.9713,-3.1895,5.6223,-9.9688,8.9690,41.3016,21.8501,21.8501,15.8593,9.0981,21.8501,6.6208,6.6208,6.6208,3.5010,51.5375,82.7606,84.5997,90.0000,28.0068,83.0000,70.5832,LOW,MEDIUM,-31.2892,151.04
MATRIX_BUY_1.50_SELL_2.00_PRIZE_7,"Buy 1.50%, Sell 2.00%, Prize 7%",0.015,0.02,7,COMMISSION_100_TO_PLATFORM,-1.9713,-3.1895,5.6223,-9.9688,8.9690,41.3016,15.8593,21.8501,15.8593,9.0981,15.8593,6.6208,6.6208,6.6208,3.5010,51.5375,82.7606,91.4373,90.0000,28.0068,83.0000,71.9507,LOW,MEDIUM,-31.2892,151.04
MATRIX_BUY_1.50_SELL_2.00_PRIZE_10,"Buy 1.50%, Sell 2.00%, Prize 10%",0.015,0.02,10,COMMISSION_100_TO_PLATFORM,-1.9713,-3.1895,5.6223,-9.9688,8.9690,41.3016,9.0981,21.8501,15.8593,9.0981,9.0981,6.6208,6.6208,6.6208,3.5010,51.5375,82.7606,64.3923,90.0000,28.0068,83.0000,66.5417,LOW,MEDIUM,-31.2892,151.04
MATRIX_BUY_1.50_SELL_2.00_PRIZE_12,"Buy 1.50%, Sell 2.00%, Prize 12%",0.015,0.02,12,COMMISSION_100_TO_PLATFORM,-1.9713,-3.1895,5.6223,-9.9688,8.9690,41.3016,5.9649,21.8501,15.8593,9.0981,5.9649,6.6208,6.6208,6.6208,3.5010,51.5375,82.7606,51.8595,90.0000,28.0068,83.0000,64.0351,LOW,MEDIUM,-31.2892,151.04
MATRIX_BUY_1.50_SELL_2.50_PRIZE_5,"Buy 1.50%, Sell 2.50%, Prize 5%",0.015,0.025,5,COMMISSION_100_TO_PLATFORM,-2.4715,-3.6834,5.0834,-10.4281,8.8775,39.0354,20.0001,20.0001,14.3007,8.0035,20.0001,7.5666,7.5666,7.5666,4.0012,47.2432,94.5824,91.9997,100.0000,28.4761,83.0000,75.5831,LOW,MEDIUM,-31.2892,132.16
MATRIX_BUY_1.50_SELL_2.50_PRIZE_7,"Buy 1.50%, Sell 2.50%, Prize 7%",0.015,0.025,7,COMMISSION_100_TO_PLATFORM,-2.4715,-3.6834,5.0834,-10.4281,8.8775,39.0354,14.3007,20.0001,14.3007,8.0035,14.3007,7.5666,7.5666,7.5666,4.0012,47.2432,94.5824,85.2028,100.0000,28.4761,83.0000,74.2237,LOW,MEDIUM,-31.2892,132.16
MATRIX_BUY_1.50_SELL_2.50_PRIZE_10,"Buy 1.50%, Sell 2.50%, Prize 10%",0.015,0.025,10,COMMISSION_100_TO_PLATFORM,-2.4715,-3.6834,5.0834,-10.4281,8.8775,39.0354,8.0035,20.0001,14.3007,8.0035,8.0035,7.5666,7.5666,7.5666,4.0012,47.2432,94.5824,60.0139,100.0000,28.4761,83.0000,69.1859,LOW,MEDIUM,-31.2892,132.16
MATRIX_BUY_1.50_SELL_2.50_PRIZE_12,"Buy 1.50%, Sell 2.50%, Prize 12%",0.015,0.025,12,COMMISSION_100_TO_PLATFORM,-2.4715,-3.6834,5.0834,-10.4281,8.8775,39.0354,5.1537,20.0001,14.3007,8.0035,5.1537,7.5666,7.5666,7.5666,4.0012,47.2432,94.5824,48.6149,100.0000,28.4761,83.0000,66.9061,LOW,MEDIUM,-31.2892,132.16
MATRIX_BUY_1.50_SELL_3.00_PRIZE_5,"Buy 1.50%, Sell 3.00%, Prize 5%",0.015,0.03,5,COMMISSION_100_TO_PLATFORM,-2.9716,-4.1773,4.5445,-10.8874,8.8775,36.8912,18.4604,18.4604,13.0667,7.1983,18.4604,8.5123,8.5123,8.5123,4.5013,42.9918,100.0000,98.1583,100.0000,28.9455,83.0000,77.4241,LOW,MEDIUM,-31.2892,117.48
MATRIX_BUY_1.50_SELL_3.00_PRIZE_7,"Buy 1.50%, Sell 3.00%, Prize 7%",0.015,0.03,7,COMMISSION_100_TO_PLATFORM,-2.9716,-4.1773,4.5445,-10.8874,8.8775,36.8912,13.0667,18.4604,13.0667,7.1983,13.0667,8.5123,8.5123,8.5123,4.5013,42.9918,100.0000,80.2667,100.0000,28.9455,83.0000,73.8458,LOW,MEDIUM,-31.2892,117.48
MATRIX_BUY_1.50_SELL_3.00_PRIZE_10,"Buy 1.50%, Sell 3.00%, Prize 10%",0.015,0.03,10,COMMISSION_100_TO_PLATFORM,-2.9716,-4.1773,4.5445,-10.8874,8.8775,36.8912,7.1983,18.4604,13.0667,7.1983,7.1983,8.5123,8.5123,8.5123,4.5013,42.9918,100.0000,56.7934,100.0000,28.9455,83.0000,69.1512,LOW,MEDIUM,-31.2892,117.48
MATRIX_BUY_1.50_SELL_3.00_PRIZE_12,"Buy 1.50%, Sell 3.00%, Prize 12%",0.015,0.03,12,COMMISSION_100_TO_PLATFORM,-2.9716,-4.1773,4.5445,-10.8874,8.8775,36.8912,4.5853,18.4604,13.0667,7.1983,4.5853,8.5123,8.5123,8.5123,4.5013,42.9918,100.0000,46.3412,100.0000,28.9455,83.0000,67.0607,LOW,MEDIUM,-31.2892,117.48
MATRIX_BUY_2.00_SELL_0.50_PRIZE_5,"Buy 2.00%, Sell 0.50%, Prize 5%",0.02,0.005,5,COMMISSION_100_TO_PLATFORM,-0.9588,-2.1895,6.7132,-9.0388,9.0377,45.7756,25.4843,25.4843,18.9261,11.2648,25.4843,4.7295,4.7295,4.7295,2.4885,58.1451,59.1194,70.0628,30.0000,27.0566,68.0000,55.3903,LOW,MEDIUM,-31.2892,211.44
MATRIX_BUY_2.00_SELL_0.50_PRIZE_7,"Buy 2.00%, Sell 0.50%, Prize 7%",0.02,0.005,7,COMMISSION_100_TO_PLATFORM,-0.9588,-2.1895,6.7132,-9.0388,9.0377,45.7756,18.9261,25.4843,18.9261,11.2648,18.9261,4.7295,4.7295,4.7295,2.4885,58.1451,59.1194,96.2956,30.0000,27.0566,68.0000,60.6369,LOW,MEDIUM,-31.2892,211.44
MATRIX_BUY_2.00_SELL_0.50_PRIZE_10,"Buy 2.00%, Sell 0.50%, Prize 10%",0.02,0.005,10,COMMISSION_100_TO_PLATFORM,-0.9588,-2.1895,6.7132,-9.0388,9.0377,45.7756,11.2648,25.4843,18.9261,11.2648,11.2648,4.7295,4.7295,4.7295,2.4885,58.1451,59.1194,73.0592,30.0000,27.0566,68.0000,55.9896,LOW,MEDIUM,-31.2892,211.44
MATRIX_BUY_2.00_SELL_0.50_PRIZE_12,"Buy 2.00%, Sell 0.50%, Prize 12%",0.02,0.005,12,COMMISSION_100_TO_PLATFORM,-0.9588,-2.1895,6.7132,-9.0388,9.0377,45.7756,7.5806,25.4843,18.9261,11.2648,7.5806,4.7295,4.7295,4.7295,2.4885,58.1451,59.1194,58.3224,30.0000,27.0566,68.0000,53.0422,LOW,MEDIUM,-31.2892,211.44
MATRIX_BUY_2.00_SELL_1.00_PRIZE_5,"Buy 2.00%, Sell 1.00%, Prize 5%",0.02,0.01,5,COMMISSION_100_TO_PLATFORM,-1.4565,-2.6810,6.1770,-9.4959,9.0377,43.5985,23.7491,23.7491,17.4716,10.2464,23.7491,5.6753,5.6753,5.6753,2.9862,55.8900,70.9412,77.0035,50.0000,27.5236,83.0000,62.5579,LOW,MEDIUM,-31.2892,176.20
MATRIX_BUY_2.00_SELL_1.00_PRIZE_7,"Buy 2.00%, Sell 1.00%, Prize 7%",0.02,0.01,7,COMMISSION_100_TO_PLATFORM,-1.4565,-2.6810,6.1770,-9.4959,9.0377,43.5985,17.4716,23.7491,17.4716,10.2464,17.4716,5.6753,5.6753,5.6753,2.9862,55.8900,70.9412,97.8864,50.0000,27.5236,83.0000,66.7345,LOW,MEDIUM,-31.2892,176.20
MATRIX_BUY_2.00_SELL_1.00_PRIZE_10,"Buy 2.00%, Sell 1.00%, Prize 10%",0.02,0.01,10,COMMISSION_100_TO_PLATFORM,-1.4565,-2.6810,6.1770,-9.4959,9.0377,43.5985,10.2464,23.7491,17.4716,10.2464,10.2464,5.6753,5.6753,5.6753,2.9862,55.8900,70.9412,68.9857,50.0000,27.5236,83.0000,60.9544,LOW,MEDIUM,-31.2892,176.20
MATRIX_BUY_2.00_SELL_1.00_PRIZE_12,"Buy 2.00%, Sell 1.00%, Prize 12%",0.02,0.01,12,COMMISSION_100_TO_PLATFORM,-1.4565,-2.6810,6.1770,-9.4959,9.0377,43.5985,6.8253,23.7491,17.4716,10.2464,6.8253,5.6753,5.6753,5.6753,2.9862,55.8900,70.9412,55.3012,50.0000,27.5236,83.0000,58.2175,LOW,MEDIUM,-31.2892,176.20
MATRIX_BUY_2.00_SELL_1.25_PRIZE_5,"Buy 2.00%, Sell 1.25%, Prize 5%",0.02,0.0125,5,COMMISSION_100_TO_PLATFORM,-1.7053,-2.9267,5.9089,-9.7244,9.0377,42.5168,22.9065,22.9065,16.7717,9.7631,22.9065,6.1482,6.1482,6.1482,3.2350,53.8248,76.8522,80.3741,60.0000,27.7572,68.0000,64.7624,LOW,MEDIUM,-31.2892,162.65
MATRIX_BUY_2.00_SELL_1.25_PRIZE_7,"Buy 2.00%, Sell 1.25%, Prize 7%",0.02,0.0125,7,COMMISSION_100_TO_PLATFORM,-1.7053,-2.9267,5.9089,-9.7244,9.0377,42.5168,16.7717,22.9065,16.7717,9.7631,16.7717,6.1482,6.1482,6.1482,3.2350,53.8248,76.8522,95.0869,60.0000,27.7572,68.0000,67.7049,LOW,MEDIUM,-31.2892,162.65
MATRIX_BUY_2.00_SELL_1.25_PRIZE_10,"Buy 2.00%, Sell 1.25%, Prize 10%",0.02,0.0125,10,COMMISSION_100_TO_PLATFORM,-1.7053,-2.9267,5.9089,-9.7244,9.0377,42.5168,9.7631,22.9065,16.7717,9.7631,9.7631,6.1482,6.1482,6.1482,3.2350,53.8248,76.8522,67.0524,60.0000,27.7572,68.0000,62.0981,LOW,MEDIUM,-31.2892,162.65
MATRIX_BUY_2.00_SELL_1.25_PRIZE_12,"Buy 2.00%, Sell 1.25%, Prize 12%",0.02,0.0125,12,COMMISSION_100_TO_PLATFORM,-1.7053,-2.9267,5.9089,-9.7244,9.0377,42.5168,6.4701,22.9065,16.7717,9.7631,6.4701,6.1482,6.1482,6.1482,3.2350,53.8248,76.8522,53.8804,60.0000,27.7572,68.0000,59.4636,LOW,MEDIUM,-31.2892,162.65
MATRIX_BUY_2.00_SELL_1.50_PRIZE_5,"Buy 2.00%, Sell 1.50%, Prize 5%",0.02,0.015,5,COMMISSION_100_TO_PLATFORM,-1.9542,-3.1725,5.6408,-9.9530,9.0377,41.4406,22.0809,22.0809,16.0901,9.2967,22.0809,6.6210,6.6210,6.6210,3.4839,51.7062,82.7631,83.6765,70.0000,27.9907,83.0000,68.4399,LOW,MEDIUM,-31.2892,151.03
MATRIX_BUY_2.00_SELL_1.50_PRIZE_7,"Buy 2.00%, Sell 1.50%, Prize 7%",0.02,0.015,7,COMMISSION_100_TO_PLATFORM,-1.9542,-3.1725,5.6408,-9.9530,9.0377,41.4406,16.0901,22.0809,16.0901,9.2967,16.0901,6.6210,6.6210,6.6210,3.4839,51.7062,82.7631,92.3606,70.0000,27.9907,83.0000,70.1767,LOW,MEDIUM,-31.2892,151.03
MATRIX_BUY_2.00_SELL_1.50_PRIZE_10,"Buy 2.00%, Sell 1.50%, Prize 10%",0.02,0.015,10,COMMISSION_100_TO_PLATFORM,-1.9542,-3.1725,5.6408,-9.9530,9.0377,41.4406,9.2967,22.0809,16.0901,9.2967,9.2967,6.6210,6.6210,6.6210,3.4839,51.7062,82.7631,65.1868,70.0000,27.9907,83.0000,64.7419,LOW,MEDIUM,-31.2892,151.03
MATRIX_BUY_2.00_SELL_1.50_PRIZE_12,"Buy 2.00%, Sell 1.50%, Prize 12%",0.02,0.015,12,COMMISSION_100_TO_PLATFORM,-1.9542,-3.1725,5.6408,-9.9530,9.0377,41.4406,6.1294,22.0809,16.0901,9.2967,6.1294,6.6210,6.6210,6.6210,3.4839,51.7062,82.7631,52.5177,70.0000,27.9907,83.0000,62.2081,LOW,MEDIUM,-31.2892,151.03
MATRIX_BUY_2.00_SELL_2.00_PRIZE_5,"Buy 2.00%, Sell 2.00%, Prize 5%",0.02,0.02,5,COMMISSION_100_TO_PLATFORM,-2.4519,-3.6640,5.1045,-10.4101,8.9690,39.2284,20.3031,20.3031,14.5980,8.2520,20.3031,7.5668,7.5668,7.5668,3.9816,47.4481,94.5850,90.7876,90.0000,28.4577,100.0000,75.2408,LOW,MEDIUM,-31.2892,132.16
MATRIX_BUY_2.00_SELL_2.00_PRIZE_7,"Buy 2.00%, Sell 2.00%, Prize 7%",0.02,0.02,7,COMMISSION_100_TO_PLATFORM,-2.4519,-3.6640,5.1045,-10.4101,8.9690,39.2284,14.5980,20.3031,14.5980,8.2520,14.5980,7.5668,7.5668,7.5668,3.9816,47.4481,94.5850,86.3919,90.0000,28.4577,100.0000,74.3617,LOW,MEDIUM,-31.2892,132.16
MATRIX_BUY_2.00_SELL_2.00_PRIZE_10,"Buy 2.00%, Sell 2.00%, Prize 10%",0.02,0.02,10,COMMISSION_100_TO_PLATFORM,-2.4519,-3.6640,5.1045,-10.4101,8.9690,39.2284,8.2520,20.3031,14.5980,8.2520,8.2520,7.5668,7.5668,7.5668,3.9816,47.4481,94.5850,61.0082,90.0000,28.4577,100.0000,69.2849,LOW,MEDIUM,-31.2892,132.16
MATRIX_BUY_2.00_SELL_2.00_PRIZE_12,"Buy 2.00%, Sell 2.00%, Prize 12%",0.02,0.02,12,COMMISSION_100_TO_PLATFORM,-2.4519,-3.6640,5.1045,-10.4101,8.9690,39.2284,5.3557,20.3031,14.5980,8.2520,5.3557,7.5668,7.5668,7.5668,3.9816,47.4481,94.5850,49.4226,90.0000,28.4577,100.0000,66.9678,LOW,MEDIUM,-31.2892,132.16
MATRIX_BUY_2.00_SELL_2.50_PRIZE_5,"Buy 2.00%, Sell 2.50%, Prize 5%",0.02,0.025,5,COMMISSION_100_TO_PLATFORM,-2.9496,-4.1555,4.5683,-10.8672,8.8775,36.9850,18.5268,18.5268,13.1195,7.2325,18.5268,8.5125,8.5125,8.5125,4.4793,43.1791,100.0000,97.8930,100.0000,28.9248,83.0000,77.4158,LOW,MEDIUM,-31.2892,117.47
MATRIX_BUY_2.00_SELL_2.50_PRIZE_7,"Buy 2.00%, Sell 2.50%, Prize 7%",0.02,0.025,7,COMMISSION_100_TO_PLATFORM,-2.9496,-4.1555,4.5683,-10.8672,8.8775,36.9850,13.1195,18.5268,13.1195,7.2325,13.1195,8.5125,8.5125,8.5125,4.4793,43.1791,100.0000,80.4781,100.0000,28.9248,83.0000,73.9329,LOW,MEDIUM,-31.2892,117.47
MATRIX_BUY_2.00_SELL_2.50_PRIZE_10,"Buy 2.00%, Sell 2.50%, Prize 10%",0.02,0.025,10,COMMISSION_100_TO_PLATFORM,-2.9496,-4.1555,4.5683,-10.8672,8.8775,36.9850,7.2325,18.5268,13.1195,7.2325,7.2325,8.5125,8.5125,8.5125,4.4793,43.1791,100.0000,56.9300,100.0000,28.9248,83.0000,69.2232,LOW,MEDIUM,-31.2892,117.47
MATRIX_BUY_2.00_SELL_2.50_PRIZE_12,"Buy 2.00%, Sell 2.50%, Prize 12%",0.02,0.025,12,COMMISSION_100_TO_PLATFORM,-2.9496,-4.1555,4.5683,-10.8672,8.8775,36.9850,4.6093,18.5268,13.1195,7.2325,4.6093,8.5125,8.5125,8.5125,4.4793,43.1791,100.0000,46.4371,100.0000,28.9248,83.0000,67.1247,LOW,MEDIUM,-31.2892,117.47
MATRIX_BUY_2.00_SELL_3.00_PRIZE_5,"Buy 2.00%, Sell 3.00%, Prize 5%",0.02,0.03,5,COMMISSION_100_TO_PLATFORM,-3.4473,-4.6470,4.0320,-11.3243,8.8775,34.8892,17.0667,17.0667,11.9633,6.4917,17.0667,9.4583,9.4583,9.4583,4.9769,38.9617,100.0000,96.2667,100.0000,29.3918,83.0000,76.0829,LOW,MEDIUM,-31.2892,105.73
MATRIX_BUY_2.00_SELL_3.00_PRIZE_7,"Buy 2.00%, Sell 3.00%, Prize 7%",0.02,0.03,7,COMMISSION_100_TO_PLATFORM,-3.4473,-4.6470,4.0320,-11.3243,8.8775,34.8892,11.9633,17.0667,11.9633,6.4917,11.9633,9.4583,9.4583,9.4583,4.9769,38.9617,100.0000,75.8534,100.0000,29.3918,83.0000,72.0003,LOW,MEDIUM,-31.2892,105.73
MATRIX_BUY_2.00_SELL_3.00_PRIZE_10,"Buy 2.00%, Sell 3.00%, Prize 10%",0.02,0.03,10,COMMISSION_100_TO_PLATFORM,-3.4473,-4.6470,4.0320,-11.3243,8.8775,34.8892,6.4917,17.0667,11.9633,6.4917,6.4917,9.4583,9.4583,9.4583,4.9769,38.9617,100.0000,53.9670,100.0000,29.3918,83.0000,67.6230,LOW,MEDIUM,-31.2892,105.73
MATRIX_BUY_2.00_SELL_3.00_PRIZE_12,"Buy 2.00%, Sell 3.00%, Prize 12%",0.02,0.03,12,COMMISSION_100_TO_PLATFORM,-3.4473,-4.6470,4.0320,-11.3243,8.8775,34.8892,4.0926,17.0667,11.9633,6.4917,4.0926,9.4583,9.4583,9.4583,4.9769,38.9617,100.0000,44.3703,100.0000,29.3918,83.0000,65.7037,LOW,MEDIUM,-31.2892,105.73
MATRIX_BUY_2.50_SELL_0.50_PRIZE_5,"Buy 2.50%, Sell 0.50%, Prize 5%",0.025,0.005,5,COMMISSION_100_TO_PLATFORM,-1.4419,-2.6666,6.1927,-9.4825,9.0377,43.6620,23.7990,23.7990,17.5131,10.2753,23.7990,5.6755,5.6755,5.6755,2.9716,55.9560,70.9437,76.8041,30.0000,27.5100,68.0000,59.7839,LOW,MEDIUM,-31.2892,176.20
MATRIX_BUY_2.50_SELL_0.50_PRIZE_7,"Buy 2.50%, Sell 0.50%, Prize 7%",0.025,0.005,7,COMMISSION_100_TO_PLATFORM,-1.4419,-2.6666,6.1927,-9.4825,9.0377,43.6620,17.5131,23.7990,17.5131,10.2753,17.5131,5.6755,5.6755,5.6755,2.9716,55.9560,70.9437,98.0526,30.0000,27.5100,68.0000,64.0336,LOW,MEDIUM,-31.2892,176.20
MATRIX_BUY_2.50_SELL_0.50_PRIZE_10,"Buy 2.50%, Sell 0.50%, Prize 10%",0.025,0.005,10,COMMISSION_100_TO_PLATFORM,-1.4419,-2.6666,6.1927,-9.4825,9.0377,43.6620,10.2753,23.7990,17.5131,10.2753,10.2753,5.6755,5.6755,5.6755,2.9716,55.9560,70.9437,69.1010,30.0000,27.5100,68.0000,58.2433,LOW,MEDIUM,-31.2892,176.20
MATRIX_BUY_2.50_SELL_0.50_PRIZE_12,"Buy 2.50%, Sell 0.50%, Prize 12%",0.025,0.005,12,COMMISSION_100_TO_PLATFORM,-1.4419,-2.6666,6.1927,-9.4825,9.0377,43.6620,6.8465,23.7990,17.5131,10.2753,6.8465,5.6755,5.6755,5.6755,2.9716,55.9560,70.9437,55.3862,30.0000,27.5100,68.0000,55.5003,LOW,MEDIUM,-31.2892,176.20
MATRIX_BUY_2.50_SELL_1.00_PRIZE_5,"Buy 2.50%, Sell 1.00%, Prize 5%",0.025,0.01,5,COMMISSION_100_TO_PLATFORM,-1.9372,-3.1557,5.6591,-9.9374,9.0377,41.5139,22.1367,22.1367,16.1361,9.3280,22.1367,6.6212,6.6212,6.6212,3.4669,51.8509,82.7656,83.4531,50.0000,27.9747,83.0000,66.4305,LOW,MEDIUM,-31.2892,151.03
MATRIX_BUY_2.50_SELL_1.00_PRIZE_7,"Buy 2.50%, Sell 1.00%, Prize 7%",0.025,0.01,7,COMMISSION_100_TO_PLATFORM,-1.9372,-3.1557,5.6591,-9.9374,9.0377,41.5139,16.1361,22.1367,16.1361,9.3280,16.1361,6.6212,6.6212,6.6212,3.4669,51.8509,82.7656,92.5444,50.0000,27.9747,83.0000,68.2488,LOW,MEDIUM,-31.2892,151.03
MATRIX_BUY_2.50_SELL_1.00_PRIZE_10,"Buy 2.50%, Sell 1.00%, Prize 10%",0.025,0.01,10,COMMISSION_100_TO_PLATFORM,-1.9372,-3.1557,5.6591,-9.9374,9.0377,41.5139,9.3280,22.1367,16.1361,9.3280,9.3280,6.6212,6.6212,6.6212,3.4669,51.8509,82.7656,65.3121,50.0000,27.9747,83.0000,62.8023,LOW,MEDIUM,-31.2892,151.03
MATRIX_BUY_2.50_SELL_1.00_PRIZE_12,"Buy 2.50%, Sell 1.00%, Prize 12%",0.025,0.01,12,COMMISSION_100_TO_PLATFORM,-1.9372,-3.1557,5.6591,-9.9374,9.0377,41.5139,6.1522,22.1367,16.1361,9.3280,6.1522,6.6212,6.6212,6.6212,3.4669,51.8509,82.7656,52.6090,50.0000,27.9747,83.0000,60.2617,LOW,MEDIUM,-31.2892,151.03
MATRIX_BUY_2.50_SELL_1.25_PRIZE_5,"Buy 2.50%, Sell 1.25%, Prize 5%",0.025,0.0125,5,COMMISSION_100_TO_PLATFORM,-2.1848,-3.4003,5.3922,-10.1648,9.0377,40.4489,21.3311,21.3311,15.4748,8.8793,21.3311,7.0941,7.0941,7.0941,3.7145,49.7447,88.6765,86.6755,60.0000,28.2071,68.0000,68.5949,LOW,MEDIUM,-31.2892,140.96
MATRIX_BUY_2.50_SELL_1.25_PRIZE_7,"Buy 2.50%, Sell 1.25%, Prize 7%",0.025,0.0125,7,COMMISSION_100_TO_PLATFORM,-2.1848,-3.4003,5.3922,-10.1648,9.0377,40.4489,15.4748,21.3311,15.4748,8.8793,15.4748,7.0941,7.0941,7.0941,3.7145,49.7447,88.6765,89.8992,60.0000,28.2071,68.0000,69.2397,LOW,MEDIUM,-31.2892,140.96
MATRIX_BUY_2.50_SELL_1.25_PRIZE_10,"Buy 2.50%, Sell 1.25%, Prize 10%",0.025,0.0125,10,COMMISSION_100_TO_PLATFORM,-2.1848,-3.4003,5.3922,-10.1648,9.0377,40.4489,8.8793,21.3311,15.4748,8.8793,8.8793,7.0941,7.0941,7.0941,3.7145,49.7447,88.6765,63.5173,60.0000,28.2071,68.0000,63.9633,LOW,MEDIUM,-31.2892,140.96
MATRIX_BUY_2.50_SELL_1.25_PRIZE_12,"Buy 2.50%, Sell 1.25%, Prize 12%",0.025,0.0125,12,COMMISSION_100_TO_PLATFORM,-2.1848,-3.4003,5.3922,-10.1648,9.0377,40.4489,5.8264,21.3311,15.4748,8.8793,5.8264,7.0941,7.0941,7.0941,3.7145,49.7447,88.6765,51.3054,60.0000,28.2071,68.0000,61.5209,LOW,MEDIUM,-31.2892,140.96
MATRIX_BUY_2.50_SELL_1.50_PRIZE_5,"Buy 2.50%, Sell 1.50%, Prize 5%",0.025,0.015,5,COMMISSION_100_TO_PLATFORM,-2.4324,-3.6448,5.1254,-10.3922,9.0377,39.3909,20.5429,20.5429,14.8317,8.4469,20.5429,7.5670,7.5670,7.5670,3.9621,47.6409,94.5875,89.8284,70.0000,28.4395,83.0000,72.2461,LOW,MEDIUM,-31.2892,132.15
MATRIX_BUY_2.50_SELL_1.50_PRIZE_7,"Buy 2.50%, Sell 1.50%, Prize 7%",0.025,0.015,7,COMMISSION_100_TO_PLATFORM,-2.4324,-3.6448,5.1254,-10.3922,9.0377,39.3909,14.8317,20.5429,14.8317,8.4469,14.8317,7.5670,7.5670,7.5670,3.9621,47.6409,94.5875,87.3267,70.0000,28.4395,83.0000,71.7458,LOW,MEDIUM,-31.2892,132.15
MATRIX_BUY_2.50_SELL_1.50_PRIZE_10,"Buy 2.50%, Sell 1.50%, Prize 10%",0.025,0.015,10,COMMISSION_100_TO_PLATFORM,-2.4324,-3.6448,5.1254,-10.3922,9.0377,39.3909,8.4469,20.5429,14.8317,8.4469,8.4469,7.5670,7.5670,7.5670,3.9621,47.6409,94.5875,61.7877,70.0000,28.4395,83.0000,66.6380,LOW,MEDIUM,-31.2892,132.15
MATRIX_BUY_2.50_SELL_1.50_PRIZE_12,"Buy 2.50%, Sell 1.50%, Prize 12%",0.025,0.015,12,COMMISSION_100_TO_PLATFORM,-2.4324,-3.6448,5.1254,-10.3922,9.0377,39.3909,5.5142,20.5429,14.8317,8.4469,5.5142,7.5670,7.5670,7.5670,3.9621,47.6409,94.5875,50.0568,70.0000,28.4395,83.0000,64.2918,LOW,MEDIUM,-31.2892,132.15
MATRIX_BUY_2.50_SELL_2.00_PRIZE_5,"Buy 2.50%, Sell 2.00%, Prize 5%",0.025,0.02,5,COMMISSION_100_TO_PLATFORM,-2.9277,-4.1339,4.5918,-10.8471,8.9690,37.2052,18.8376,18.8376,13.4171,7.4740,18.8376,8.5127,8.5127,8.5127,4.4574,43.4091,100.0000,96.6497,90.0000,28.9043,83.0000,76.2226,LOW,MEDIUM,-31.2892,117.47
MATRIX_BUY_2.50_SELL_2.00_PRIZE_7,"Buy 2.50%, Sell 2.00%, Prize 7%",0.025,0.02,7,COMMISSION_100_TO_PLATFORM,-2.9277,-4.1339,4.5918,-10.8471,8.9690,37.2052,13.4171,18.8376,13.4171,7.4740,13.4171,8.5127,8.5127,8.5127,4.4574,43.4091,100.0000,81.6686,90.0000,28.9043,83.0000,73.2264,LOW,MEDIUM,-31.2892,117.47
MATRIX_BUY_2.50_SELL_2.00_PRIZE_10,"Buy 2.50%, Sell 2.00%, Prize 10%",0.025,0.02,10,COMMISSION_100_TO_PLATFORM,-2.9277,-4.1339,4.5918,-10.8471,8.9690,37.2052,7.4740,18.8376,13.4171,7.4740,7.4740,8.5127,8.5127,8.5127,4.4574,43.4091,100.0000,57.8960,90.0000,28.9043,83.0000,68.4719,LOW,MEDIUM,-31.2892,117.47
MATRIX_BUY_2.50_SELL_2.00_PRIZE_12,"Buy 2.50%, Sell 2.00%, Prize 12%",0.025,0.02,12,COMMISSION_100_TO_PLATFORM,-2.9277,-4.1339,4.5918,-10.8471,8.9690,37.2052,4.8020,18.8376,13.4171,7.4740,4.8020,8.5127,8.5127,8.5127,4.4574,43.4091,100.0000,47.2081,90.0000,28.9043,83.0000,66.3343,LOW,MEDIUM,-31.2892,117.47
MATRIX_BUY_2.50_SELL_2.50_PRIZE_5,"Buy 2.50%, Sell 2.50%, Prize 5%",0.025,0.025,5,COMMISSION_100_TO_PLATFORM,-3.4230,-4.6231,4.0582,-11.3020,8.8775,34.9905,17.1361,17.1361,12.0180,6.5265,17.1361,9.4585,9.4585,9.4585,4.9527,39.1670,100.0000,96.5446,100.0000,29.3691,100.0000,77.0376,LOW,MEDIUM,-31.2892,105.73
MATRIX_BUY_2.50_SELL_2.50_PRIZE_7,"Buy 2.50%, Sell 2.50%, Prize 7%",0.025,0.025,7,COMMISSION_100_TO_PLATFORM,-3.4230,-4.6231,4.0582,-11.3020,8.8775,34.9905,12.0180,17.1361,12.0180,6.5265,12.0180,9.4585,9.4585,9.4585,4.9527,39.1670,100.0000,76.0721,100.0000,29.3691,100.0000,72.9431,LOW,MEDIUM,-31.2892,105.73
MATRIX_BUY_2.50_SELL_2.50_PRIZE_10,"Buy 2.50%, Sell 2.50%, Prize 10%",0.025,0.025,10,COMMISSION_100_TO_PLATFORM,-3.4230,-4.6231,4.0582,-11.3020,8.8775,34.9905,6.5265,17.1361,12.0180,6.5265,6.5265,9.4585,9.4585,9.4585,4.9527,39.1670,100.0000,54.1058,100.0000,29.3691,100.0000,68.5498,LOW,MEDIUM,-31.2892,105.73
MATRIX_BUY_2.50_SELL_2.50_PRIZE_12,"Buy 2.50%, Sell 2.50%, Prize 12%",0.025,0.025,12,COMMISSION_100_TO_PLATFORM,-3.4230,-4.6231,4.0582,-11.3020,8.8775,34.9905,4.1166,17.1361,12.0180,6.5265,4.1166,9.4585,9.4585,9.4585,4.9527,39.1670,100.0000,44.4666,100.0000,29.3691,100.0000,66.6220,LOW,MEDIUM,-31.2892,105.73
MATRIX_BUY_2.50_SELL_3.00_PRIZE_5,"Buy 2.50%, Sell 3.00%, Prize 5%",0.025,0.03,5,COMMISSION_100_TO_PLATFORM,-3.9182,-5.1122,3.5245,-11.7568,8.8775,32.9474,15.7548,15.7548,10.9372,5.8463,15.7548,10.4042,10.4042,10.4042,5.4479,34.9851,100.0000,91.0191,100.0000,29.8338,83.0000,74.0835,LOW,MEDIUM,-31.2892,96.11
MATRIX_BUY_2.50_SELL_3.00_PRIZE_7,"Buy 2.50%, Sell 3.00%, Prize 7%",0.025,0.03,7,COMMISSION_100_TO_PLATFORM,-3.9182,-5.1122,3.5245,-11.7568,8.8775,32.9474,10.9372,15.7548,10.9372,5.8463,10.9372,10.4042,10.4042,10.4042,5.4479,34.9851,100.0000,71.7488,100.0000,29.8338,83.0000,70.2294,LOW,MEDIUM,-31.2892,96.11
MATRIX_BUY_2.50_SELL_3.00_PRIZE_10,"Buy 2.50%, Sell 3.00%, Prize 10%",0.025,0.03,10,COMMISSION_100_TO_PLATFORM,-3.9182,-5.1122,3.5245,-11.7568,8.8775,32.9474,5.8463,15.7548,10.9372,5.8463,5.8463,10.4042,10.4042,10.4042,5.4479,34.9851,100.0000,51.3852,100.0000,29.8338,83.0000,66.1567,LOW,MEDIUM,-31.2892,96.11
MATRIX_BUY_2.50_SELL_3.00_PRIZE_12,"Buy 2.50%, Sell 3.00%, Prize 12%",0.025,0.03,12,COMMISSION_100_TO_PLATFORM,-3.9182,-5.1122,3.5245,-11.7568,8.8775,32.9474,3.6479,15.7548,10.9372,5.8463,3.6479,10.4042,10.4042,10.4042,5.4479,34.9851,100.0000,42.5915,100.0000,29.8338,83.0000,64.3980,LOW,MEDIUM,-31.2892,96.11
MATRIX_BUY_3.00_SELL_0.50_PRIZE_5,"Buy 3.00%, Sell 0.50%, Prize 5%",0.03,0.005,5,COMMISSION_100_TO_PLATFORM,-1.9204,-3.1391,5.6772,-9.9219,9.0377,41.5865,22.1921,22.1921,16.1817,9.3591,22.1921,6.6214,6.6214,6.6214,3.4500,51.9941,82.7681,83.2317,30.0000,27.9589,68.0000,63.6712,LOW,MEDIUM,-31.2892,151.02
MATRIX_BUY_3.00_SELL_0.50_PRIZE_7,"Buy 3.00%, Sell 0.50%, Prize 7%",0.03,0.005,7,COMMISSION_100_TO_PLATFORM,-1.9204,-3.1391,5.6772,-9.9219,9.0377,41.5865,16.1817,22.1921,16.1817,9.3591,16.1817,6.6214,6.6214,6.6214,3.4500,51.9941,82.7681,92.7268,30.0000,27.9589,68.0000,65.5702,LOW,MEDIUM,-31.2892,151.02
MATRIX_BUY_3.00_SELL_0.50_PRIZE_10,"Buy 3.00%, Sell 0.50%, Prize 10%",0.03,0.005,10,COMMISSION_100_TO_PLATFORM,-1.9204,-3.1391,5.6772,-9.9219,9.0377,41.5865,9.3591,22.1921,16.1817,9.3591,9.3591,6.6214,6.6214,6.6214,3.4500,51.9941,82.7681,65.4365,30.0000,27.9589,68.0000,60.1121,LOW,MEDIUM,-31.2892,151.02
MATRIX_BUY_3.00_SELL_0.50_PRIZE_12,"Buy 3.00%, Sell 0.50%, Prize 12%",0.03,0.005,12,COMMISSION_100_TO_PLATFORM,-1.9204,-3.1391,5.6772,-9.9219,9.0377,41.5865,6.1749,22.1921,16.1817,9.3591,6.1749,6.6214,6.6214,6.6214,3.4500,51.9941,82.7681,52.6996,30.0000,27.9589,68.0000,57.5648,LOW,MEDIUM,-31.2892,151.02
MATRIX_BUY_3.00_SELL_1.00_PRIZE_5,"Buy 3.00%, Sell 1.00%, Prize 5%",0.03,0.01,5,COMMISSION_100_TO_PLATFORM,-2.4132,-3.6258,5.1462,-10.3746,9.0377,39.4728,20.6035,20.6035,14.8810,8.4799,20.6035,7.5672,7.5672,7.5672,3.9429,47.8042,94.5900,89.5860,50.0000,28.4215,83.0000,70.2374,LOW,MEDIUM,-31.2892,132.15
MATRIX_BUY_3.00_SELL_1.00_PRIZE_7,"Buy 3.00%, Sell 1.00%, Prize 7%",0.03,0.01,7,COMMISSION_100_TO_PLATFORM,-2.4132,-3.6258,5.1462,-10.3746,9.0377,39.4728,14.8810,20.6035,14.8810,8.4799,14.8810,7.5672,7.5672,7.5672,3.9429,47.8042,94.5900,87.5239,50.0000,28.4215,83.0000,69.8250,LOW,MEDIUM,-31.2892,132.15
MATRIX_BUY_3.00_SELL_1.00_PRIZE_10,"Buy 3.00%, Sell 1.00%, Prize 10%",0.03,0.01,10,COMMISSION_100_TO_PLATFORM,-2.4132,-3.6258,5.1462,-10.3746,9.0377,39.4728,8.4799,20.6035,14.8810,8.4799,8.4799,7.5672,7.5672,7.5672,3.9429,47.8042,94.5900,61.9197,50.0000,28.4215,83.0000,64.7041,LOW,MEDIUM,-31.2892,132.15
MATRIX_BUY_3.00_SELL_1.00_PRIZE_12,"Buy 3.00%, Sell 1.00%, Prize 12%",0.03,0.01,12,COMMISSION_100_TO_PLATFORM,-2.4132,-3.6258,5.1462,-10.3746,9.0377,39.4728,5.5380,20.6035,14.8810,8.4799,5.5380,7.5672,7.5672,7.5672,3.9429,47.8042,94.5900,50.1518,50.0000,28.4215,83.0000,62.3506,LOW,MEDIUM,-31.2892,132.15
MATRIX_BUY_3.00_SELL_1.25_PRIZE_5,"Buy 3.00%, Sell 1.25%, Prize 5%",0.03,0.0125,5,COMMISSION_100_TO_PLATFORM,-2.6596,-3.8692,4.8806,-10.6009,9.0377,38.4271,19.8352,19.8352,14.2576,8.0643,19.8352,8.0401,8.0401,8.0401,4.1893,45.7132,100.0000,92.6593,60.0000,28.6527,68.0000,72.2254,LOW,MEDIUM,-31.2892,124.38
MATRIX_BUY_3.00_SELL_1.25_PRIZE_7,"Buy 3.00%, Sell 1.25%, Prize 7%",0.03,0.0125,7,COMMISSION_100_TO_PLATFORM,-2.6596,-3.8692,4.8806,-10.6009,9.0377,38.4271,14.2576,19.8352,14.2576,8.0643,14.2576,8.0401,8.0401,8.0401,4.1893,45.7132,100.0000,85.0303,60.0000,28.6527,68.0000,70.6996,LOW,MEDIUM,-31.2892,124.38
MATRIX_BUY_3.00_SELL_1.25_PRIZE_10,"Buy 3.00%, Sell 1.25%, Prize 10%",0.03,0.0125,10,COMMISSION_100_TO_PLATFORM,-2.6596,-3.8692,4.8806,-10.6009,9.0377,38.4271,8.0643,19.8352,14.2576,8.0643,8.0643,8.0401,8.0401,8.0401,4.1893,45.7132,100.0000,60.2571,60.0000,28.6527,68.0000,65.7450,LOW,MEDIUM,-31.2892,124.38
MATRIX_BUY_3.00_SELL_1.25_PRIZE_12,"Buy 3.00%, Sell 1.25%, Prize 12%",0.03,0.0125,12,COMMISSION_100_TO_PLATFORM,-2.6596,-3.8692,4.8806,-10.6009,9.0377,38.4271,5.2395,19.8352,14.2576,8.0643,5.2395,8.0401,8.0401,8.0401,4.1893,45.7132,100.0000,48.9582,60.0000,28.6527,68.0000,63.4852,LOW,MEDIUM,-31.2892,124.38
MATRIX_BUY_3.00_SELL_1.50_PRIZE_5,"Buy 3.00%, Sell 1.50%, Prize 5%",0.03,0.015,5,COMMISSION_100_TO_PLATFORM,-2.9061,-4.1126,4.6151,-10.8272,9.0377,37.3897,19.0844,19.0844,13.6521,7.6642,19.0844,8.5129,8.5129,8.5129,4.4358,43.6251,100.0000,95.6624,70.0000,28.8840,83.0000,74.0772,LOW,MEDIUM,-31.2892,117.47
MATRIX_BUY_3.00_SELL_1.50_PRIZE_7,"Buy 3.00%, Sell 1.50%, Prize 7%",0.03,0.015,7,COMMISSION_100_TO_PLATFORM,-2.9061,-4.1126,4.6151,-10.8272,9.0377,37.3897,13.6521,19.0844,13.6521,7.6642,13.6521,8.5129,8.5129,8.5129,4.4358,43.6251,100.0000,82.6083,70.0000,28.8840,83.0000,71.4663,LOW,MEDIUM,-31.2892,117.47
MATRIX_BUY_3.00_SELL_1.50_PRIZE_10,"Buy 3.00%, Sell 1.50%, Prize 10%",0.03,0.015,10,COMMISSION_100_TO_PLATFORM,-2.9061,-4.1126,4.6151,-10.8272,9.0377,37.3897,7.6642,19.0844,13.6521,7.6642,7.6642,8.5129,8.5129,8.5129,4.4358,43.6251,100.0000,58.6567,70.0000,28.8840,83.0000,66.6760,LOW,MEDIUM,-31.2892,117.47
MATRIX_BUY_3.00_SELL_1.50_PRIZE_12,"Buy 3.00%, Sell 1.50%, Prize 12%",0.03,0.015,12,COMMISSION_100_TO_PLATFORM,-2.9061,-4.1126,4.6151,-10.8272,9.0377,37.3897,4.9541,19.0844,13.6521,7.6642,4.9541,8.5129,8.5129,8.5129,4.4358,43.6251,100.0000,47.8162,70.0000,28.8840,83.0000,64.5079,LOW,MEDIUM,-31.2892,117.47
MATRIX_BUY_3.00_SELL_2.00_PRIZE_5,"Buy 3.00%, Sell 2.00%, Prize 5%",0.03,0.02,5,COMMISSION_100_TO_PLATFORM,-3.3989,-4.5993,4.0841,-11.2799,8.9690,35.2358,17.4524,17.4524,12.3141,6.7600,17.4524,9.4587,9.4587,9.4587,4.9286,39.4212,100.0000,97.8097,90.0000,29.3465,83.0000,75.5019,LOW,MEDIUM,-31.2892,105.72
MATRIX_BUY_3.00_SELL_2.00_PRIZE_7,"Buy 3.00%, Sell 2.00%, Prize 7%",0.03,0.02,7,COMMISSION_100_TO_PLATFORM,-3.3989,-4.5993,4.0841,-11.2799,8.9690,35.2358,12.3141,17.4524,12.3141,6.7600,12.3141,9.4587,9.4587,9.4587,4.9286,39.4212,100.0000,77.2566,90.0000,29.3465,83.0000,71.3913,LOW,MEDIUM,-31.2892,105.72
MATRIX_BUY_3.00_SELL_2.00_PRIZE_10,"Buy 3.00%, Sell 2.00%, Prize 10%",0.03,0.02,10,COMMISSION_100_TO_PLATFORM,-3.3989,-4.5993,4.0841,-11.2799,8.9690,35.2358,6.7600,17.4524,12.3141,6.7600,6.7600,9.4587,9.4587,9.4587,4.9286,39.4212,100.0000,55.0399,90.0000,29.3465,83.0000,66.9479,LOW,MEDIUM,-31.2892,105.72
MATRIX_BUY_3.00_SELL_2.00_PRIZE_12,"Buy 3.00%, Sell 2.00%, Prize 12%",0.03,0.02,12,COMMISSION_100_TO_PLATFORM,-3.3989,-4.5993,4.0841,-11.2799,8.9690,35.2358,4.2999,17.4524,12.3141,6.7600,4.2999,9.4587,9.4587,9.4587,4.9286,39.4212,100.0000,45.1995,90.0000,29.3465,83.0000,64.9799,LOW,MEDIUM,-31.2892,105.72
MATRIX_BUY_3.00_SELL_2.50_PRIZE_5,"Buy 3.00%, Sell 2.50%, Prize 5%",0.03,0.025,5,COMMISSION_100_TO_PLATFORM,-3.8918,-5.0861,3.5530,-11.7325,8.8775,33.0552,15.8266,15.8266,10.9931,5.8812,15.8266,10.4044,10.4044,10.4044,5.4215,35.2080,100.0000,91.3065,100.0000,29.8090,83.0000,74.1942,LOW,MEDIUM,-31.2892,96.11
MATRIX_BUY_3.00_SELL_2.50_PRIZE_7,"Buy 3.00%, Sell 2.50%, Prize 7%",0.03,0.025,7,COMMISSION_100_TO_PLATFORM,-3.8918,-5.0861,3.5530,-11.7325,8.8775,33.0552,10.9931,15.8266,10.9931,5.8812,10.9931,10.4044,10.4044,10.4044,5.4215,35.2080,100.0000,71.9723,100.0000,29.8090,83.0000,70.3274,LOW,MEDIUM,-31.2892,96.11
MATRIX_BUY_3.00_SELL_2.50_PRIZE_10,"Buy 3.00%, Sell 2.50%, Prize 10%",0.03,0.025,10,COMMISSION_100_TO_PLATFORM,-3.8918,-5.0861,3.5530,-11.7325,8.8775,33.0552,5.8812,15.8266,10.9931,5.8812,5.8812,10.4044,10.4044,10.4044,5.4215,35.2080,100.0000,51.5246,100.0000,29.8090,83.0000,66.2378,LOW,MEDIUM,-31.2892,96.11
MATRIX_BUY_3.00_SELL_2.50_PRIZE_12,"Buy 3.00%, Sell 2.50%, Prize 12%",0.03,0.025,12,COMMISSION_100_TO_PLATFORM,-3.8918,-5.0861,3.5530,-11.7325,8.8775,33.0552,3.6718,15.8266,10.9931,5.8812,3.6718,10.4044,10.4044,10.4044,5.4215,35.2080,100.0000,42.6870,100.0000,29.8090,83.0000,64.4703,LOW,MEDIUM,-31.2892,96.11
MATRIX_BUY_3.00_SELL_3.00_PRIZE_5,"Buy 3.00%, Sell 3.00%, Prize 5%",0.03,0.03,5,COMMISSION_100_TO_PLATFORM,-4.3847,-5.5728,3.0220,-12.1852,8.8775,31.0686,14.5227,14.5227,9.9849,5.2579,14.5227,11.3502,11.3502,11.3502,5.9144,31.0626,100.0000,86.0908,100.0000,30.2715,100.0000,73.0110,LOW,MEDIUM,-31.2892,88.10
MATRIX_BUY_3.00_SELL_3.00_PRIZE_7,"Buy 3.00%, Sell 3.00%, Prize 7%",0.03,0.03,7,COMMISSION_100_TO_PLATFORM,-4.3847,-5.5728,3.0220,-12.1852,8.8775,31.0686,9.9849,14.5227,9.9849,5.2579,9.9849,11.3502,11.3502,11.3502,5.9144,31.0626,100.0000,67.9395,100.0000,30.2715,100.0000,69.3807,LOW,MEDIUM,-31.2892,88.10
MATRIX_BUY_3.00_SELL_3.00_PRIZE_10,"Buy 3.00%, Sell 3.00%, Prize 10%",0.03,0.03,10,COMMISSION_100_TO_PLATFORM,-4.3847,-5.5728,3.0220,-12.1852,8.8775,31.0686,5.2579,14.5227,9.9849,5.2579,5.2579,11.3502,11.3502,11.3502,5.9144,31.0626,100.0000,49.0316,100.0000,30.2715,100.0000,65.5991,LOW,MEDIUM,-31.2892,88.10
MATRIX_BUY_3.00_SELL_3.00_PRIZE_12,"Buy 3.00%, Sell 3.00%, Prize 12%",0.03,0.03,12,COMMISSION_100_TO_PLATFORM,-4.3847,-5.5728,3.0220,-12.1852,8.8775,31.0686,3.2473,14.5227,9.9849,5.2579,3.2473,11.3502,11.3502,11.3502,5.9144,31.0626,100.0000,40.9890,100.0000,30.2715,100.0000,63.9906,LOW,MEDIUM,-31.2892,88.10