scope,strategy,marketFrequency,maxChangesPerWindow,stopLossThreshold,takeProfitThreshold,numScenarios,avgROI,medianROI,bestROI,worstROI,volatility,pctAbove0,pctAbove7,pctAbove10,avgTrades,avgCommissions,avgPlatformRevenue,avgDeltaVsHold,overtradingRisk
completed,HOLD,3,1,-5,7,2,5.2969,5.2969,8.5416,2.0522,3.2447,100.0000,50.0000,0.0000,0.0000,0.8565,0.0856,0.0000,LOW
completed,HOLD,3,1,-5,10,2,5.2969,5.2969,8.5416,2.0522,3.2447,100.0000,50.0000,0.0000,0.0000,0.8565,0.0856,0.0000,LOW
completed,HOLD,3,1,-5,15,2,5.2969,5.2969,8.5416,2.0522,3.2447,100.0000,50.0000,0.0000,0.0000,0.8565,0.0856,0.0000,LOW
completed,HOLD,3,1,-10,7,2,5.2969,5.2969,8.5416,2.0522,3.2447,100.0000,50.0000,0.0000,0.0000,0.8565,0.0856,0.0000,LOW
completed,HOLD,3,1,-10,10,2,5.2969,5.2969,8.5416,2.0522,3.2447,100.0000,50.0000,0.0000,0.0000,0.8565,0.0856,0.0000,LOW
completed,HOLD,3,1,-10,15,2,5.2969,5.2969,8.5416,2.0522,3.2447,100.0000,50.0000,0.0000,0.0000,0.8565,0.0856,0.0000,LOW
completed,HOLD,3,3,-5,7,2,5.2969,5.2969,8.5416,2.0522,3.2447,100.0000,50.0000,0.0000,0.0000,0.8565,0.0856,0.0000,LOW
completed,HOLD,3,3,-5,10,2,5.2969,5.2969,8.5416,2.0522,3.2447,100.0000,50.0000,0.0000,0.0000,0.8565,0.0856,0.0000,LOW
completed,HOLD,3,3,-5,15,2,5.2969,5.2969,8.5416,2.0522,3.2447,100.0000,50.0000,0.0000,0.0000,0.8565,0.0856,0.0000,LOW
completed,HOLD,3,3,-10,7,2,5.2969,5.2969,8.5416,2.0522,3.2447,100.0000,50.0000,0.0000,0.0000,0.8565,0.0856,0.0000,LOW
completed,HOLD,3,3,-10,10,2,5.2969,5.2969,8.5416,2.0522,3.2447,100.0000,50.0000,0.0000,0.0000,0.8565,0.0856,0.0000,LOW
completed,HOLD,3,3,-10,15,2,5.2969,5.2969,8.5416,2.0522,3.2447,100.0000,50.0000,0.0000,0.0000,0.8565,0.0856,0.0000,LOW
completed,HOLD,3,5,-5,7,2,5.2969,5.2969,8.5416,2.0522,3.2447,100.0000,50.0000,0.0000,0.0000,0.8565,0.0856,0.0000,LOW
completed,HOLD,3,5,-5,10,2,5.2969,5.2969,8.5416,2.0522,3.2447,100.0000,50.0000,0.0000,0.0000,0.8565,0.0856,0.0000,LOW
completed,HOLD,3,5,-5,15,2,5.2969,5.2969,8.5416,2.0522,3.2447,100.0000,50.0000,0.0000,0.0000,0.8565,0.0856,0.0000,LOW
completed,HOLD,3,5,-10,7,2,5.2969,5.2969,8.5416,2.0522,3.2447,100.0000,50.0000,0.0000,0.0000,0.8565,0.0856,0.0000,LOW
completed,HOLD,3,5,-10,10,2,5.2969,5.2969,8.5416,2.0522,3.2447,100.0000,50.0000,0.0000,0.0000,0.8565,0.0856,0.0000,LOW
completed,HOLD,3,5,-10,15,2,5.2969,5.2969,8.5416,2.0522,3.2447,100.0000,50.0000,0.0000,0.0000,0.8565,0.0856,0.0000,LOW
completed,HOLD,5,1,-5,7,2,5.2969,5.2969,8.5416,2.0522,3.2447,100.0000,50.0000,0.0000,0.0000,0.8565,0.0856,0.0000,LOW
completed,HOLD,5,1,-5,10,2,5.2969,5.2969,8.5416,2.0522,3.2447,100.0000,50.0000,0.0000,0.0000,0.8565,0.0856,0.0000,LOW
completed,HOLD,5,1,-5,15,2,5.2969,5.2969,8.5416,2.0522,3.2447,100.0000,50.0000,0.0000,0.0000,0.8565,0.0856,0.0000,LOW
completed,HOLD,5,1,-10,7,2,5.2969,5.2969,8.5416,2.0522,3.2447,100.0000,50.0000,0.0000,0.0000,0.8565,0.0856,0.0000,LOW
completed,HOLD,5,1,-10,10,2,5.2969,5.2969,8.5416,2.0522,3.2447,100.0000,50.0000,0.0000,0.0000,0.8565,0.0856,0.0000,LOW
completed,HOLD,5,1,-10,15,2,5.2969,5.2969,8.5416,2.0522,3.2447,100.0000,50.0000,0.0000,0.0000,0.8565,0.0856,0.0000,LOW
completed,HOLD,5,3,-5,7,2,5.2969,5.2969,8.5416,2.0522,3.2447,100.0000,50.0000,0.0000,0.0000,0.8565,0.0856,0.0000,LOW
completed,HOLD,5,3,-5,10,2,5.2969,5.2969,8.5416,2.0522,3.2447,100.0000,50.0000,0.0000,0.0000,0.8565,0.0856,0.0000,LOW
completed,HOLD,5,3,-5,15,2,5.2969,5.2969,8.5416,2.0522,3.2447,100.0000,50.0000,0.0000,0.0000,0.8565,0.0856,0.0000,LOW
completed,HOLD,5,3,-10,7,2,5.2969,5.2969,8.5416,2.0522,3.2447,100.0000,50.0000,0.0000,0.0000,0.8565,0.0856,0.0000,LOW
completed,HOLD,5,3,-10,10,2,5.2969,5.2969,8.5416,2.0522,3.2447,100.0000,50.0000,0.0000,0.0000,0.8565,0.0856,0.0000,LOW
completed,HOLD,5,3,-10,15,2,5.2969,5.2969,8.5416,2.0522,3.2447,100.0000,50.0000,0.0000,0.0000,0.8565,0.0856,0.0000,LOW
completed,HOLD,5,5,-5,7,2,5.2969,5.2969,8.5416,2.0522,3.2447,100.0000,50.0000,0.0000,0.0000,0.8565,0.0856,0.0000,LOW
completed,HOLD,5,5,-5,10,2,5.2969,5.2969,8.5416,2.0522,3.2447,100.0000,50.0000,0.0000,0.0000,0.8565,0.0856,0.0000,LOW
completed,HOLD,5,5,-5,15,2,5.2969,5.2969,8.5416,2.0522,3.2447,100.0000,50.0000,0.0000,0.0000,0.8565,0.0856,0.0000,LOW
completed,HOLD,5,5,-10,7,2,5.2969,5.2969,8.5416,2.0522,3.2447,100.0000,50.0000,0.0000,0.0000,0.8565,0.0856,0.0000,LOW
completed,HOLD,5,5,-10,10,2,5.2969,5.2969,8.5416,2.0522,3.2447,100.0000,50.0000,0.0000,0.0000,0.8565,0.0856,0.0000,LOW
completed,HOLD,5,5,-10,15,2,5.2969,5.2969,8.5416,2.0522,3.2447,100.0000,50.0000,0.0000,0.0000,0.8565,0.0856,0.0000,LOW
completed,HOLD,7,1,-5,7,2,5.2969,5.2969,8.5416,2.0522,3.2447,100.0000,50.0000,0.0000,0.0000,0.8565,0.0856,0.0000,LOW
completed,HOLD,7,1,-5,10,2,5.2969,5.2969,8.5416,2.0522,3.2447,100.0000,50.0000,0.0000,0.0000,0.8565,0.0856,0.0000,LOW
completed,HOLD,7,1,-5,15,2,5.2969,5.2969,8.5416,2.0522,3.2447,100.0000,50.0000,0.0000,0.0000,0.8565,0.0856,0.0000,LOW
completed,HOLD,7,1,-10,7,2,5.2969,5.2969,8.5416,2.0522,3.2447,100.0000,50.0000,0.0000,0.0000,0.8565,0.0856,0.0000,LOW
completed,HOLD,7,1,-10,10,2,5.2969,5.2969,8.5416,2.0522,3.2447,100.0000,50.0000,0.0000,0.0000,0.8565,0.0856,0.0000,LOW
completed,HOLD,7,1,-10,15,2,5.2969,5.2969,8.5416,2.0522,3.2447,100.0000,50.0000,0.0000,0.0000,0.8565,0.0856,0.0000,LOW
completed,HOLD,7,3,-5,7,2,5.2969,5.2969,8.5416,2.0522,3.2447,100.0000,50.0000,0.0000,0.0000,0.8565,0.0856,0.0000,LOW
completed,HOLD,7,3,-5,10,2,5.2969,5.2969,8.5416,2.0522,3.2447,100.0000,50.0000,0.0000,0.0000,0.8565,0.0856,0.0000,LOW
completed,HOLD,7,3,-5,15,2,5.2969,5.2969,8.5416,2.0522,3.2447,100.0000,50.0000,0.0000,0.0000,0.8565,0.0856,0.0000,LOW
completed,HOLD,7,3,-10,7,2,5.2969,5.2969,8.5416,2.0522,3.2447,100.0000,50.0000,0.0000,0.0000,0.8565,0.0856,0.0000,LOW
completed,HOLD,7,3,-10,10,2,5.2969,5.2969,8.5416,2.0522,3.2447,100.0000,50.0000,0.0000,0.0000,0.8565,0.0856,0.0000,LOW
completed,HOLD,7,3,-10,15,2,5.2969,5.2969,8.5416,2.0522,3.2447,100.0000,50.0000,0.0000,0.0000,0.8565,0.0856,0.0000,LOW
completed,HOLD,7,5,-5,7,2,5.2969,5.2969,8.5416,2.0522,3.2447,100.0000,50.0000,0.0000,0.0000,0.8565,0.0856,0.0000,LOW
completed,HOLD,7,5,-5,10,2,5.2969,5.2969,8.5416,2.0522,3.2447,100.0000,50.0000,0.0000,0.0000,0.8565,0.0856,0.0000,LOW
completed,HOLD,7,5,-5,15,2,5.2969,5.2969,8.5416,2.0522,3.2447,100.0000,50.0000,0.0000,0.0000,0.8565,0.0856,0.0000,LOW
completed,HOLD,7,5,-10,7,2,5.2969,5.2969,8.5416,2.0522,3.2447,100.0000,50.0000,0.0000,0.0000,0.8565,0.0856,0.0000,LOW
completed,HOLD,7,5,-10,10,2,5.2969,5.2969,8.5416,2.0522,3.2447,100.0000,50.0000,0.0000,0.0000,0.8565,0.0856,0.0000,LOW
completed,HOLD,7,5,-10,15,2,5.2969,5.2969,8.5416,2.0522,3.2447,100.0000,50.0000,0.0000,0.0000,0.8565,0.0856,0.0000,LOW
completed,VALUE_ROTATION,3,1,-5,7,2,-4.5418,-4.5418,2.7649,-11.8485,7.3067,50.0000,0.0000,0.0000,12.0000,2.1441,0.2144,-9.8388,LOW
completed,VALUE_ROTATION,3,1,-5,10,2,-4.5418,-4.5418,2.7649,-11.8485,7.3067,50.0000,0.0000,0.0000,12.0000,2.1441,0.2144,-9.8388,LOW
completed,VALUE_ROTATION,3,1,-5,15,2,-4.5418,-4.5418,2.7649,-11.8485,7.3067,50.0000,0.0000,0.0000,12.0000,2.1441,0.2144,-9.8388,LOW
completed,VALUE_ROTATION,3,1,-10,7,2,-4.5418,-4.5418,2.7649,-11.8485,7.3067,50.0000,0.0000,0.0000,12.0000,2.1441,0.2144,-9.8388,LOW
completed,VALUE_ROTATION,3,1,-10,10,2,-4.5418,-4.5418,2.7649,-11.8485,7.3067,50.0000,0.0000,0.0000,12.0000,2.1441,0.2144,-9.8388,LOW
completed,VALUE_ROTATION,3,1,-10,15,2,-4.5418,-4.5418,2.7649,-11.8485,7.3067,50.0000,0.0000,0.0000,12.0000,2.1441,0.2144,-9.8388,LOW
completed,VALUE_ROTATION,3,3,-5,7,2,-37.4752,-37.4752,-27.2131,-47.7374,10.2622,0.0000,0.0000,0.0000,36.0000,5.8448,0.5845,-42.7722,HIGH
completed,VALUE_ROTATION,3,3,-5,10,2,-37.4752,-37.4752,-27.2131,-47.7374,10.2622,0.0000,0.0000,0.0000,36.0000,5.8448,0.5845,-42.7722,HIGH
completed,VALUE_ROTATION,3,3,-5,15,2,-37.4752,-37.4752,-27.2131,-47.7374,10.2622,0.0000,0.0000,0.0000,36.0000,5.8448,0.5845,-42.7722,HIGH
completed,VALUE_ROTATION,3,3,-10,7,2,-37.4752,-37.4752,-27.2131,-47.7374,10.2622,0.0000,0.0000,0.0000,36.0000,5.8448,0.5845,-42.7722,HIGH
completed,VALUE_ROTATION,3,3,-10,10,2,-37.4752,-37.4752,-27.2131,-47.7374,10.2622,0.0000,0.0000,0.0000,36.0000,5.8448,0.5845,-42.7722,HIGH
completed,VALUE_ROTATION,3,3,-10,15,2,-37.4752,-37.4752,-27.2131,-47.7374,10.2622,0.0000,0.0000,0.0000,36.0000,5.8448,0.5845,-42.7722,HIGH
completed,VALUE_ROTATION,3,5,-5,7,2,-55.1153,-55.1153,-53.0927,-57.1380,2.0227,0.0000,0.0000,0.0000,60.0000,9.3345,0.9335,-60.4123,HIGH
completed,VALUE_ROTATION,3,5,-5,10,2,-55.1153,-55.1153,-53.0927,-57.1380,2.0227,0.0000,0.0000,0.0000,60.0000,9.3345,0.9335,-60.4123,HIGH
completed,VALUE_ROTATION,3,5,-5,15,2,-55.1153,-55.1153,-53.0927,-57.1380,2.0227,0.0000,0.0000,0.0000,60.0000,9.3345,0.9335,-60.4123,HIGH
completed,VALUE_ROTATION,3,5,-10,7,2,-55.1153,-55.1153,-53.0927,-57.1380,2.0227,0.0000,0.0000,0.0000,60.0000,9.3345,0.9335,-60.4123,HIGH
completed,VALUE_ROTATION,3,5,-10,10,2,-55.1153,-55.1153,-53.0927,-57.1380,2.0227,0.0000,0.0000,0.0000,60.0000,9.3345,0.9335,-60.4123,HIGH
completed,VALUE_ROTATION,3,5,-10,15,2,-55.1153,-55.1153,-53.0927,-57.1380,2.0227,0.0000,0.0000,0.0000,60.0000,9.3345,0.9335,-60.4123,HIGH
completed,VALUE_ROTATION,5,1,-5,7,2,-15.6630,-15.6630,-14.8104,-16.5156,0.8526,0.0000,0.0000,0.0000,7.0000,1.5977,0.1598,-20.9599,LOW
completed,VALUE_ROTATION,5,1,-5,10,2,-15.6630,-15.6630,-14.8104,-16.5156,0.8526,0.0000,0.0000,0.0000,7.0000,1.5977,0.1598,-20.9599,LOW
completed,VALUE_ROTATION,5,1,-5,15,2,-15.6630,-15.6630,-14.8104,-16.5156,0.8526,0.0000,0.0000,0.0000,7.0000,1.5977,0.1598,-20.9599,LOW
completed,VALUE_ROTATION,5,1,-10,7,2,-15.6630,-15.6630,-14.8104,-16.5156,0.8526,0.0000,0.0000,0.0000,7.0000,1.5977,0.1598,-20.9599,LOW
completed,VALUE_ROTATION,5,1,-10,10,2,-15.6630,-15.6630,-14.8104,-16.5156,0.8526,0.0000,0.0000,0.0000,7.0000,1.5977,0.1598,-20.9599,LOW
completed,VALUE_ROTATION,5,1,-10,15,2,-15.6630,-15.6630,-14.8104,-16.5156,0.8526,0.0000,0.0000,0.0000,7.0000,1.5977,0.1598,-20.9599,LOW
completed,VALUE_ROTATION,5,3,-5,7,2,-17.2059,-17.2059,-11.4381,-22.9738,5.7678,0.0000,0.0000,0.0000,21.0000,3.6877,0.3688,-22.5029,MEDIUM
completed,VALUE_ROTATION,5,3,-5,10,2,-17.2059,-17.2059,-11.4381,-22.9738,5.7678,0.0000,0.0000,0.0000,21.0000,3.6877,0.3688,-22.5029,MEDIUM
completed,VALUE_ROTATION,5,3,-5,15,2,-17.2059,-17.2059,-11.4381,-22.9738,5.7678,0.0000,0.0000,0.0000,21.0000,3.6877,0.3688,-22.5029,MEDIUM
completed,VALUE_ROTATION,5,3,-10,7,2,-17.2059,-17.2059,-11.4381,-22.9738,5.7678,0.0000,0.0000,0.0000,21.0000,3.6877,0.3688,-22.5029,MEDIUM
completed,VALUE_ROTATION,5,3,-10,10,2,-17.2059,-17.2059,-11.4381,-22.9738,5.7678,0.0000,0.0000,0.0000,21.0000,3.6877,0.3688,-22.5029,MEDIUM
completed,VALUE_ROTATION,5,3,-10,15,2,-17.2059,-17.2059,-11.4381,-22.9738,5.7678,0.0000,0.0000,0.0000,21.0000,3.6877,0.3688,-22.5029,MEDIUM
completed,VALUE_ROTATION,5,5,-5,7,2,-39.5657,-39.5657,-34.6207,-44.5106,4.9450,0.0000,0.0000,0.0000,35.0000,5.9308,0.5931,-44.8626,MEDIUM
completed,VALUE_ROTATION,5,5,-5,10,2,-39.5657,-39.5657,-34.6207,-44.5106,4.9450,0.0000,0.0000,0.0000,35.0000,5.9308,0.5931,-44.8626,MEDIUM
completed,VALUE_ROTATION,5,5,-5,15,2,-39.5657,-39.5657,-34.6207,-44.5106,4.9450,0.0000,0.0000,0.0000,35.0000,5.9308,0.5931,-44.8626,MEDIUM
completed,VALUE_ROTATION,5,5,-10,7,2,-39.5657,-39.5657,-34.6207,-44.5106,4.9450,0.0000,0.0000,0.0000,35.0000,5.9308,0.5931,-44.8626,MEDIUM
completed,VALUE_ROTATION,5,5,-10,10,2,-39.5657,-39.5657,-34.6207,-44.5106,4.9450,0.0000,0.0000,0.0000,35.0000,5.9308,0.5931,-44.8626,MEDIUM
completed,VALUE_ROTATION,5,5,-10,15,2,-39.5657,-39.5657,-34.6207,-44.5106,4.9450,0.0000,0.0000,0.0000,35.0000,5.9308,0.5931,-44.8626,MEDIUM
completed,VALUE_ROTATION,7,1,-5,7,2,-1.8608,-1.8608,4.0205,-7.7420,5.8812,50.0000,0.0000,0.0000,5.0000,1.3605,0.1360,-7.1577,LOW
completed,VALUE_ROTATION,7,1,-5,10,2,-1.8608,-1.8608,4.0205,-7.7420,5.8812,50.0000,0.0000,0.0000,5.0000,1.3605,0.1360,-7.1577,LOW
completed,VALUE_ROTATION,7,1,-5,15,2,-1.8608,-1.8608,4.0205,-7.7420,5.8812,50.0000,0.0000,0.0000,5.0000,1.3605,0.1360,-7.1577,LOW
completed,VALUE_ROTATION,7,1,-10,7,2,-1.8608,-1.8608,4.0205,-7.7420,5.8812,50.0000,0.0000,0.0000,5.0000,1.3605,0.1360,-7.1577,LOW
completed,VALUE_ROTATION,7,1,-10,10,2,-1.8608,-1.8608,4.0205,-7.7420,5.8812,50.0000,0.0000,0.0000,5.0000,1.3605,0.1360,-7.1577,LOW
completed,VALUE_ROTATION,7,1,-10,15,2,-1.8608,-1.8608,4.0205,-7.7420,5.8812,50.0000,0.0000,0.0000,5.0000,1.3605,0.1360,-7.1577,LOW
completed,VALUE_ROTATION,7,3,-5,7,2,-22.8094,-22.8094,-22.1416,-23.4771,0.6678,0.0000,0.0000,0.0000,15.0000,2.8663,0.2866,-28.1063,LOW
completed,VALUE_ROTATION,7,3,-5,10,2,-22.8094,-22.8094,-22.1416,-23.4771,0.6678,0.0000,0.0000,0.0000,15.0000,2.8663,0.2866,-28.1063,LOW
completed,VALUE_ROTATION,7,3,-5,15,2,-22.8094,-22.8094,-22.1416,-23.4771,0.6678,0.0000,0.0000,0.0000,15.0000,2.8663,0.2866,-28.1063,LOW
completed,VALUE_ROTATION,7,3,-10,7,2,-22.8094,-22.8094,-22.1416,-23.4771,0.6678,0.0000,0.0000,0.0000,15.0000,2.8663,0.2866,-28.1063,LOW
completed,VALUE_ROTATION,7,3,-10,10,2,-22.8094,-22.8094,-22.1416,-23.4771,0.6678,0.0000,0.0000,0.0000,15.0000,2.8663,0.2866,-28.1063,LOW
completed,VALUE_ROTATION,7,3,-10,15,2,-22.8094,-22.8094,-22.1416,-23.4771,0.6678,0.0000,0.0000,0.0000,15.0000,2.8663,0.2866,-28.1063,LOW
completed,VALUE_ROTATION,7,5,-5,7,2,-27.4391,-27.4391,-25.2025,-29.6756,2.2365,0.0000,0.0000,0.0000,25.0000,4.1581,0.4158,-32.7360,MEDIUM
completed,VALUE_ROTATION,7,5,-5,10,2,-27.4391,-27.4391,-25.2025,-29.6756,2.2365,0.0000,0.0000,0.0000,25.0000,4.1581,0.4158,-32.7360,MEDIUM
completed,VALUE_ROTATION,7,5,-5,15,2,-27.4391,-27.4391,-25.2025,-29.6756,2.2365,0.0000,0.0000,0.0000,25.0000,4.1581,0.4158,-32.7360,MEDIUM
completed,VALUE_ROTATION,7,5,-10,7,2,-27.4391,-27.4391,-25.2025,-29.6756,2.2365,0.0000,0.0000,0.0000,25.0000,4.1581,0.4158,-32.7360,MEDIUM
completed,VALUE_ROTATION,7,5,-10,10,2,-27.4391,-27.4391,-25.2025,-29.6756,2.2365,0.0000,0.0000,0.0000,25.0000,4.1581,0.4158,-32.7360,MEDIUM
completed,VALUE_ROTATION,7,5,-10,15,2,-27.4391,-27.4391,-25.2025,-29.6756,2.2365,0.0000,0.0000,0.0000,25.0000,4.1581,0.4158,-32.7360,MEDIUM
completed,MOMENTUM,3,1,-5,7,2,-38.1195,-38.1195,-34.8862,-41.3529,3.2334,0.0000,0.0000,0.0000,12.0000,19.3742,1.9374,-43.4165,LOW
completed,MOMENTUM,3,1,-5,10,2,-38.1195,-38.1195,-34.8862,-41.3529,3.2334,0.0000,0.0000,0.0000,12.0000,19.3742,1.9374,-43.4165,LOW
completed,MOMENTUM,3,1,-5,15,2,-38.1195,-38.1195,-34.8862,-41.3529,3.2334,0.0000,0.0000,0.0000,12.0000,19.3742,1.9374,-43.4165,LOW
completed,MOMENTUM,3,1,-10,7,2,-38.1195,-38.1195,-34.8862,-41.3529,3.2334,0.0000,0.0000,0.0000,12.0000,19.3742,1.9374,-43.4165,LOW
completed,MOMENTUM,3,1,-10,10,2,-38.1195,-38.1195,-34.8862,-41.3529,3.2334,0.0000,0.0000,0.0000,12.0000,19.3742,1.9374,-43.4165,LOW
completed,MOMENTUM,3,1,-10,15,2,-38.1195,-38.1195,-34.8862,-41.3529,3.2334,0.0000,0.0000,0.0000,12.0000,19.3742,1.9374,-43.4165,LOW
completed,MOMENTUM,3,3,-5,7,2,-87.0402,-87.0402,-85.0348,-89.0456,2.0054,0.0000,0.0000,0.0000,36.0000,22.3050,2.2305,-92.3371,HIGH
completed,MOMENTUM,3,3,-5,10,2,-87.0402,-87.0402,-85.0348,-89.0456,2.0054,0.0000,0.0000,0.0000,36.0000,22.3050,2.2305,-92.3371,HIGH
completed,MOMENTUM,3,3,-5,15,2,-87.0402,-87.0402,-85.0348,-89.0456,2.0054,0.0000,0.0000,0.0000,36.0000,22.3050,2.2305,-92.3371,HIGH
completed,MOMENTUM,3,3,-10,7,2,-87.0402,-87.0402,-85.0348,-89.0456,2.0054,0.0000,0.0000,0.0000,36.0000,22.3050,2.2305,-92.3371,HIGH
completed,MOMENTUM,3,3,-10,10,2,-87.0402,-87.0402,-85.0348,-89.0456,2.0054,0.0000,0.0000,0.0000,36.0000,22.3050,2.2305,-92.3371,HIGH
completed,MOMENTUM,3,3,-10,15,2,-87.0402,-87.0402,-85.0348,-89.0456,2.0054,0.0000,0.0000,0.0000,36.0000,22.3050,2.2305,-92.3371,HIGH
completed,MOMENTUM,3,5,-5,7,2,-87.7854,-87.7854,-85.7727,-89.7981,2.0127,0.0000,0.0000,0.0000,60.0000,25.8863,2.5886,-93.0823,HIGH
completed,MOMENTUM,3,5,-5,10,2,-87.7854,-87.7854,-85.7727,-89.7981,2.0127,0.0000,0.0000,0.0000,60.0000,25.8863,2.5886,-93.0823,HIGH
completed,MOMENTUM,3,5,-5,15,2,-87.7854,-87.7854,-85.7727,-89.7981,2.0127,0.0000,0.0000,0.0000,60.0000,25.8863,2.5886,-93.0823,HIGH
completed,MOMENTUM,3,5,-10,7,2,-87.7854,-87.7854,-85.7727,-89.7981,2.0127,0.0000,0.0000,0.0000,60.0000,25.8863,2.5886,-93.0823,HIGH
completed,MOMENTUM,3,5,-10,10,2,-87.7854,-87.7854,-85.7727,-89.7981,2.0127,0.0000,0.0000,0.0000,60.0000,25.8863,2.5886,-93.0823,HIGH
completed,MOMENTUM,3,5,-10,15,2,-87.7854,-87.7854,-85.7727,-89.7981,2.0127,0.0000,0.0000,0.0000,60.0000,25.8863,2.5886,-93.0823,HIGH
completed,MOMENTUM,5,1,-5,7,2,-28.1097,-28.1097,-22.0360,-34.1833,6.0737,0.0000,0.0000,0.0000,7.0000,18.7001,1.8700,-33.4066,LOW
completed,MOMENTUM,5,1,-5,10,2,-28.1097,-28.1097,-22.0360,-34.1833,6.0737,0.0000,0.0000,0.0000,7.0000,18.7001,1.8700,-33.4066,LOW
completed,MOMENTUM,5,1,-5,15,2,-28.1097,-28.1097,-22.0360,-34.1833,6.0737,0.0000,0.0000,0.0000,7.0000,18.7001,1.8700,-33.4066,LOW
completed,MOMENTUM,5,1,-10,7,2,-28.1097,-28.1097,-22.0360,-34.1833,6.0737,0.0000,0.0000,0.0000,7.0000,18.7001,1.8700,-33.4066,LOW
completed,MOMENTUM,5,1,-10,10,2,-28.1097,-28.1097,-22.0360,-34.1833,6.0737,0.0000,0.0000,0.0000,7.0000,18.7001,1.8700,-33.4066,LOW
completed,MOMENTUM,5,1,-10,15,2,-28.1097,-28.1097,-22.0360,-34.1833,6.0737,0.0000,0.0000,0.0000,7.0000,18.7001,1.8700,-33.4066,LOW
completed,MOMENTUM,5,3,-5,7,2,-64.3607,-64.3607,-59.3367,-69.3847,5.0240,0.0000,0.0000,0.0000,21.0000,20.7118,2.0712,-69.6577,MEDIUM
completed,MOMENTUM,5,3,-5,10,2,-64.3607,-64.3607,-59.3367,-69.3847,5.0240,0.0000,0.0000,0.0000,21.0000,20.7118,2.0712,-69.6577,MEDIUM
completed,MOMENTUM,5,3,-5,15,2,-64.3607,-64.3607,-59.3367,-69.3847,5.0240,0.0000,0.0000,0.0000,21.0000,20.7118,2.0712,-69.6577,MEDIUM
completed,MOMENTUM,5,3,-10,7,2,-64.3607,-64.3607,-59.3367,-69.3847,5.0240,0.0000,0.0000,0.0000,21.0000,20.7118,2.0712,-69.6577,MEDIUM
completed,MOMENTUM,5,3,-10,10,2,-64.3607,-64.3607,-59.3367,-69.3847,5.0240,0.0000,0.0000,0.0000,21.0000,20.7118,2.0712,-69.6577,MEDIUM
completed,MOMENTUM,5,3,-10,15,2,-64.3607,-64.3607,-59.3367,-69.3847,5.0240,0.0000,0.0000,0.0000,21.0000,20.7118,2.0712,-69.6577,MEDIUM
completed,MOMENTUM,5,5,-5,7,2,-79.6340,-79.6340,-73.5356,-85.7325,6.0985,0.0000,0.0000,0.0000,35.0000,22.8067,2.2807,-84.9310,MEDIUM
completed,MOMENTUM,5,5,-5,10,2,-79.6340,-79.6340,-73.5356,-85.7325,6.0985,0.0000,0.0000,0.0000,35.0000,22.8067,2.2807,-84.9310,MEDIUM
completed,MOMENTUM,5,5,-5,15,2,-79.6340,-79.6340,-73.5356,-85.7325,6.0985,0.0000,0.0000,0.0000,35.0000,22.8067,2.2807,-84.9310,MEDIUM
completed,MOMENTUM,5,5,-10,7,2,-79.6340,-79.6340,-73.5356,-85.7325,6.0985,0.0000,0.0000,0.0000,35.0000,22.8067,2.2807,-84.9310,MEDIUM
completed,MOMENTUM,5,5,-10,10,2,-79.6340,-79.6340,-73.5356,-85.7325,6.0985,0.0000,0.0000,0.0000,35.0000,22.8067,2.2807,-84.9310,MEDIUM
completed,MOMENTUM,5,5,-10,15,2,-79.6340,-79.6340,-73.5356,-85.7325,6.0985,0.0000,0.0000,0.0000,35.0000,22.8067,2.2807,-84.9310,MEDIUM
completed,MOMENTUM,7,1,-5,7,2,-24.3379,-24.3379,-18.9870,-29.6889,5.3510,0.0000,0.0000,0.0000,5.0000,18.5505,1.8550,-29.6349,LOW
completed,MOMENTUM,7,1,-5,10,2,-24.3379,-24.3379,-18.9870,-29.6889,5.3510,0.0000,0.0000,0.0000,5.0000,18.5505,1.8550,-29.6349,LOW
completed,MOMENTUM,7,1,-5,15,2,-24.3379,-24.3379,-18.9870,-29.6889,5.3510,0.0000,0.0000,0.0000,5.0000,18.5505,1.8550,-29.6349,LOW
completed,MOMENTUM,7,1,-10,7,2,-24.3379,-24.3379,-18.9870,-29.6889,5.3510,0.0000,0.0000,0.0000,5.0000,18.5505,1.8550,-29.6349,LOW
completed,MOMENTUM,7,1,-10,10,2,-24.3379,-24.3379,-18.9870,-29.6889,5.3510,0.0000,0.0000,0.0000,5.0000,18.5505,1.8550,-29.6349,LOW
completed,MOMENTUM,7,1,-10,15,2,-24.3379,-24.3379,-18.9870,-29.6889,5.3510,0.0000,0.0000,0.0000,5.0000,18.5505,1.8550,-29.6349,LOW
completed,MOMENTUM,7,3,-5,7,2,-43.1843,-43.1843,-37.3391,-49.0296,5.8453,0.0000,0.0000,0.0000,15.0000,19.6989,1.9699,-48.4813,LOW
completed,MOMENTUM,7,3,-5,10,2,-43.1843,-43.1843,-37.3391,-49.0296,5.8453,0.0000,0.0000,0.0000,15.0000,19.6989,1.9699,-48.4813,LOW
completed,MOMENTUM,7,3,-5,15,2,-43.1843,-43.1843,-37.3391,-49.0296,5.8453,0.0000,0.0000,0.0000,15.0000,19.6989,1.9699,-48.4813,LOW
completed,MOMENTUM,7,3,-10,7,2,-43.1843,-43.1843,-37.3391,-49.0296,5.8453,0.0000,0.0000,0.0000,15.0000,19.6989,1.9699,-48.4813,LOW
completed,MOMENTUM,7,3,-10,10,2,-43.1843,-43.1843,-37.3391,-49.0296,5.8453,0.0000,0.0000,0.0000,15.0000,19.6989,1.9699,-48.4813,LOW
completed,MOMENTUM,7,3,-10,15,2,-43.1843,-43.1843,-37.3391,-49.0296,5.8453,0.0000,0.0000,0.0000,15.0000,19.6989,1.9699,-48.4813,LOW
completed,MOMENTUM,7,5,-5,7,2,-64.7248,-64.7248,-64.5956,-64.8541,0.1292,0.0000,0.0000,0.0000,25.0000,21.3350,2.1335,-70.0218,MEDIUM
completed,MOMENTUM,7,5,-5,10,2,-64.7248,-64.7248,-64.5956,-64.8541,0.1292,0.0000,0.0000,0.0000,25.0000,21.3350,2.1335,-70.0218,MEDIUM
completed,MOMENTUM,7,5,-5,15,2,-64.7248,-64.7248,-64.5956,-64.8541,0.1292,0.0000,0.0000,0.0000,25.0000,21.3350,2.1335,-70.0218,MEDIUM
completed,MOMENTUM,7,5,-10,7,2,-64.7248,-64.7248,-64.5956,-64.8541,0.1292,0.0000,0.0000,0.0000,25.0000,21.3350,2.1335,-70.0218,MEDIUM
completed,MOMENTUM,7,5,-10,10,2,-64.7248,-64.7248,-64.5956,-64.8541,0.1292,0.0000,0.0000,0.0000,25.0000,21.3350,2.1335,-70.0218,MEDIUM
completed,MOMENTUM,7,5,-10,15,2,-64.7248,-64.7248,-64.5956,-64.8541,0.1292,0.0000,0.0000,0.0000,25.0000,21.3350,2.1335,-70.0218,MEDIUM
completed,STOP_LOSS,3,1,-5,7,2,3.1630,3.1630,8.5416,-2.2156,5.3786,50.0000,50.0000,0.0000,0.5000,0.8821,0.0882,-2.1339,LOW
completed,STOP_LOSS,3,1,-5,10,2,3.1630,3.1630,8.5416,-2.2156,5.3786,50.0000,50.0000,0.0000,0.5000,0.8821,0.0882,-2.1339,LOW
completed,STOP_LOSS,3,1,-5,15,2,3.1630,3.1630,8.5416,-2.2156,5.3786,50.0000,50.0000,0.0000,0.5000,0.8821,0.0882,-2.1339,LOW
completed,STOP_LOSS,3,1,-10,7,2,3.1630,3.1630,8.5416,-2.2156,5.3786,50.0000,50.0000,0.0000,0.5000,0.8821,0.0882,-2.1339,LOW
completed,STOP_LOSS,3,1,-10,10,2,3.1630,3.1630,8.5416,-2.2156,5.3786,50.0000,50.0000,0.0000,0.5000,0.8821,0.0882,-2.1339,LOW
completed,STOP_LOSS,3,1,-10,15,2,3.1630,3.1630,8.5416,-2.2156,5.3786,50.0000,50.0000,0.0000,0.5000,0.8821,0.0882,-2.1339,LOW
completed,STOP_LOSS,3,3,-5,7,2,3.1630,3.1630,8.5416,-2.2156,5.3786,50.0000,50.0000,0.0000,0.5000,0.8821,0.0882,-2.1339,LOW
completed,STOP_LOSS,3,3,-5,10,2,3.1630,3.1630,8.5416,-2.2156,5.3786,50.0000,50.0000,0.0000,0.5000,0.8821,0.0882,-2.1339,LOW
completed,STOP_LOSS,3,3,-5,15,2,3.1630,3.1630,8.5416,-2.2156,5.3786,50.0000,50.0000,0.0000,0.5000,0.8821,0.0882,-2.1339,LOW
completed,STOP_LOSS,3,3,-10,7,2,3.1630,3.1630,8.5416,-2.2156,5.3786,50.0000,50.0000,0.0000,0.5000,0.8821,0.0882,-2.1339,LOW
completed,STOP_LOSS,3,3,-10,10,2,3.1630,3.1630,8.5416,-2.2156,5.3786,50.0000,50.0000,0.0000,0.5000,0.8821,0.0882,-2.1339,LOW
completed,STOP_LOSS,3,3,-10,15,2,3.1630,3.1630,8.5416,-2.2156,5.3786,50.0000,50.0000,0.0000,0.5000,0.8821,0.0882,-2.1339,LOW
completed,STOP_LOSS,3,5,-5,7,2,3.1630,3.1630,8.5416,-2.2156,5.3786,50.0000,50.0000,0.0000,0.5000,0.8821,0.0882,-2.1339,LOW
completed,STOP_LOSS,3,5,-5,10,2,3.1630,3.1630,8.5416,-2.2156,5.3786,50.0000,50.0000,0.0000,0.5000,0.8821,0.0882,-2.1339,LOW
completed,STOP_LOSS,3,5,-5,15,2,3.1630,3.1630,8.5416,-2.2156,5.3786,50.0000,50.0000,0.0000,0.5000,0.8821,0.0882,-2.1339,LOW
completed,STOP_LOSS,3,5,-10,7,2,3.1630,3.1630,8.5416,-2.2156,5.3786,50.0000,50.0000,0.0000,0.5000,0.8821,0.0882,-2.1339,LOW
completed,STOP_LOSS,3,5,-10,10,2,3.1630,3.1630,8.5416,-2.2156,5.3786,50.0000,50.0000,0.0000,0.5000,0.8821,0.0882,-2.1339,LOW
completed,STOP_LOSS,3,5,-10,15,2,3.1630,3.1630,8.5416,-2.2156,5.3786,50.0000,50.0000,0.0000,0.5000,0.8821,0.0882,-2.1339,LOW
completed,STOP_LOSS,5,1,-5,7,2,5.2969,5.2969,8.5416,2.0522,3.2447,100.0000,50.0000,0.0000,0.0000,0.8565,0.0856,0.0000,LOW
completed,STOP_LOSS,5,1,-5,10,2,5.2969,5.2969,8.5416,2.0522,3.2447,100.0000,50.0000,0.0000,0.0000,0.8565,0.0856,0.0000,LOW
completed,STOP_LOSS,5,1,-5,15,2,5.2969,5.2969,8.5416,2.0522,3.2447,100.0000,50.0000,0.0000,0.0000,0.8565,0.0856,0.0000,LOW
completed,STOP_LOSS,5,1,-10,7,2,5.2969,5.2969,8.5416,2.0522,3.2447,100.0000,50.0000,0.0000,0.0000,0.8565,0.0856,0.0000,LOW
completed,STOP_LOSS,5,1,-10,10,2,5.2969,5.2969,8.5416,2.0522,3.2447,100.0000,50.0000,0.0000,0.0000,0.8565,0.0856,0.0000,LOW
completed,STOP_LOSS,5,1,-10,15,2,5.2969,5.2969,8.5416,2.0522,3.2447,100.0000,50.0000,0.0000,0.0000,0.8565,0.0856,0.0000,LOW
completed,STOP_LOSS,5,3,-5,7,2,5.2969,5.2969,8.5416,2.0522,3.2447,100.0000,50.0000,0.0000,0.0000,0.8565,0.0856,0.0000,LOW
completed,STOP_LOSS,5,3,-5,10,2,5.2969,5.2969,8.5416,2.0522,3.2447,100.0000,50.0000,0.0000,0.0000,0.8565,0.0856,0.0000,LOW
completed,STOP_LOSS,5,3,-5,15,2,5.2969,5.2969,8.5416,2.0522,3.2447,100.0000,50.0000,0.0000,0.0000,0.8565,0.0856,0.0000,LOW
completed,STOP_LOSS,5,3,-10,7,2,5.2969,5.2969,8.5416,2.0522,3.2447,100.0000,50.0000,0.0000,0.0000,0.8565,0.0856,0.0000,LOW
completed,STOP_LOSS,5,3,-10,10,2,5.2969,5.2969,8.5416,2.0522,3.2447,100.0000,50.0000,0.0000,0.0000,0.8565,0.0856,0.0000,LOW
completed,STOP_LOSS,5,3,-10,15,2,5.2969,5.2969,8.5416,2.0522,3.2447,100.0000,50.0000,0.0000,0.0000,0.8565,0.0856,0.0000,LOW
completed,STOP_LOSS,5,5,-5,7,2,5.2969,5.2969,8.5416,2.0522,3.2447,100.0000,50.0000,0.0000,0.0000,0.8565,0.0856,0.0000,LOW
completed,STOP_LOSS,5,5,-5,10,2,5.2969,5.2969,8.5416,2.0522,3.2447,100.0000,50.0000,0.0000,0.0000,0.8565,0.0856,0.0000,LOW
completed,STOP_LOSS,5,5,-5,15,2,5.2969,5.2969,8.5416,2.0522,3.2447,100.0000,50.0000,0.0000,0.0000,0.8565,0.0856,0.0000,LOW
completed,STOP_LOSS,5,5,-10,7,2,5.2969,5.2969,8.5416,2.0522,3.2447,100.0000,50.0000,0.0000,0.0000,0.8565,0.0856,0.0000,LOW
completed,STOP_LOSS,5,5,-10,10,2,5.2969,5.2969,8.5416,2.0522,3.2447,100.0000,50.0000,0.0000,0.0000,0.8565,0.0856,0.0000,LOW
completed,STOP_LOSS,5,5,-10,15,2,5.2969,5.2969,8.5416,2.0522,3.2447,100.0000,50.0000,0.0000,0.0000,0.8565,0.0856,0.0000,LOW
completed,STOP_LOSS,7,1,-5,7,2,5.2969,5.2969,8.5416,2.0522,3.2447,100.0000,50.0000,0.0000,0.0000,0.8565,0.0856,0.0000,LOW
completed,STOP_LOSS,7,1,-5,10,2,5.2969,5.2969,8.5416,2.0522,3.2447,100.0000,50.0000,0.0000,0.0000,0.8565,0.0856,0.0000,LOW
completed,STOP_LOSS,7,1,-5,15,2,5.2969,5.2969,8.5416,2.0522,3.2447,100.0000,50.0000,0.0000,0.0000,0.8565,0.0856,0.0000,LOW
completed,STOP_LOSS,7,1,-10,7,2,5.2969,5.2969,8.5416,2.0522,3.2447,100.0000,50.0000,0.0000,0.0000,0.8565,0.0856,0.0000,LOW
completed,STOP_LOSS,7,1,-10,10,2,5.2969,5.2969,8.5416,2.0522,3.2447,100.0000,50.0000,0.0000,0.0000,0.8565,0.0856,0.0000,LOW
completed,STOP_LOSS,7,1,-10,15,2,5.2969,5.2969,8.5416,2.0522,3.2447,100.0000,50.0000,0.0000,0.0000,0.8565,0.0856,0.0000,LOW
completed,STOP_LOSS,7,3,-5,7,2,5.2969,5.2969,8.5416,2.0522,3.2447,100.0000,50.0000,0.0000,0.0000,0.8565,0.0856,0.0000,LOW
completed,STOP_LOSS,7,3,-5,10,2,5.2969,5.2969,8.5416,2.0522,3.2447,100.0000,50.0000,0.0000,0.0000,0.8565,0.0856,0.0000,LOW
completed,STOP_LOSS,7,3,-5,15,2,5.2969,5.2969,8.5416,2.0522,3.2447,100.0000,50.0000,0.0000,0.0000,0.8565,0.0856,0.0000,LOW
completed,STOP_LOSS,7,3,-10,7,2,5.2969,5.2969,8.5416,2.0522,3.2447,100.0000,50.0000,0.0000,0.0000,0.8565,0.0856,0.0000,LOW
completed,STOP_LOSS,7,3,-10,10,2,5.2969,5.2969,8.5416,2.0522,3.2447,100.0000,50.0000,0.0000,0.0000,0.8565,0.0856,0.0000,LOW
completed,STOP_LOSS,7,3,-10,15,2,5.2969,5.2969,8.5416,2.0522,3.2447,100.0000,50.0000,0.0000,0.0000,0.8565,0.0856,0.0000,LOW
completed,STOP_LOSS,7,5,-5,7,2,5.2969,5.2969,8.5416,2.0522,3.2447,100.0000,50.0000,0.0000,0.0000,0.8565,0.0856,0.0000,LOW
completed,STOP_LOSS,7,5,-5,10,2,5.2969,5.2969,8.5416,2.0522,3.2447,100.0000,50.0000,0.0000,0.0000,0.8565,0.0856,0.0000,LOW
completed,STOP_LOSS,7,5,-5,15,2,5.2969,5.2969,8.5416,2.0522,3.2447,100.0000,50.0000,0.0000,0.0000,0.8565,0.0856,0.0000,LOW
completed,STOP_LOSS,7,5,-10,7,2,5.2969,5.2969,8.5416,2.0522,3.2447,100.0000,50.0000,0.0000,0.0000,0.8565,0.0856,0.0000,LOW
completed,STOP_LOSS,7,5,-10,10,2,5.2969,5.2969,8.5416,2.0522,3.2447,100.0000,50.0000,0.0000,0.0000,0.8565,0.0856,0.0000,LOW
completed,STOP_LOSS,7,5,-10,15,2,5.2969,5.2969,8.5416,2.0522,3.2447,100.0000,50.0000,0.0000,0.0000,0.8565,0.0856,0.0000,LOW
completed,TAKE_PROFIT,3,1,-5,7,2,-44.3701,-44.3701,-41.7162,-47.0239,2.6539,0.0000,0.0000,0.0000,10.5000,18.6802,1.8680,-49.6670,LOW
completed,TAKE_PROFIT,3,1,-5,10,2,-42.1783,-42.1783,-35.0978,-49.2588,7.0805,0.0000,0.0000,0.0000,9.0000,18.6255,1.8625,-47.4752,LOW
completed,TAKE_PROFIT,3,1,-5,15,2,-32.2976,-32.2976,-26.9065,-37.6886,5.3911,0.0000,0.0000,0.0000,4.5000,18.1700,1.8170,-37.5945,LOW
completed,TAKE_PROFIT,3,1,-10,7,2,-44.3701,-44.3701,-41.7162,-47.0239,2.6539,0.0000,0.0000,0.0000,10.5000,18.6802,1.8680,-49.6670,LOW
completed,TAKE_PROFIT,3,1,-10,10,2,-42.1783,-42.1783,-35.0978,-49.2588,7.0805,0.0000,0.0000,0.0000,9.0000,18.6255,1.8625,-47.4752,LOW
completed,TAKE_PROFIT,3,1,-10,15,2,-32.2976,-32.2976,-26.9065,-37.6886,5.3911,0.0000,0.0000,0.0000,4.5000,18.1700,1.8170,-37.5945,LOW
completed,TAKE_PROFIT,3,3,-5,7,2,-46.5278,-46.5278,-42.1539,-50.9017,4.3739,0.0000,0.0000,0.0000,18.0000,19.4659,1.9466,-51.8247,MEDIUM
completed,TAKE_PROFIT,3,3,-5,10,2,-42.7036,-42.7036,-34.5448,-50.8625,8.1588,0.0000,0.0000,0.0000,14.0000,19.0350,1.9035,-48.0006,LOW
completed,TAKE_PROFIT,3,3,-5,15,2,-32.4889,-32.4889,-26.9065,-38.0713,5.5824,0.0000,0.0000,0.0000,5.0000,18.2417,1.8242,-37.7859,LOW
completed,TAKE_PROFIT,3,3,-10,7,2,-46.5278,-46.5278,-42.1539,-50.9017,4.3739,0.0000,0.0000,0.0000,18.0000,19.4659,1.9466,-51.8247,MEDIUM
completed,TAKE_PROFIT,3,3,-10,10,2,-42.7036,-42.7036,-34.5448,-50.8625,8.1588,0.0000,0.0000,0.0000,14.0000,19.0350,1.9035,-48.0006,LOW
completed,TAKE_PROFIT,3,3,-10,15,2,-32.4889,-32.4889,-26.9065,-38.0713,5.5824,0.0000,0.0000,0.0000,5.0000,18.2417,1.8242,-37.7859,LOW
completed,TAKE_PROFIT,3,5,-5,7,2,-46.2332,-46.2332,-42.1539,-50.3124,4.0793,0.0000,0.0000,0.0000,17.5000,19.4479,1.9448,-51.5301,MEDIUM
completed,TAKE_PROFIT,3,5,-5,10,2,-42.4087,-42.4087,-34.5448,-50.2726,7.8639,0.0000,0.0000,0.0000,13.5000,19.0170,1.9017,-47.7056,LOW
completed,TAKE_PROFIT,3,5,-5,15,2,-32.4889,-32.4889,-26.9065,-38.0713,5.5824,0.0000,0.0000,0.0000,5.0000,18.2417,1.8242,-37.7859,LOW
completed,TAKE_PROFIT,3,5,-10,7,2,-46.2332,-46.2332,-42.1539,-50.3124,4.0793,0.0000,0.0000,0.0000,17.5000,19.4479,1.9448,-51.5301,MEDIUM
completed,TAKE_PROFIT,3,5,-10,10,2,-42.4087,-42.4087,-34.5448,-50.2726,7.8639,0.0000,0.0000,0.0000,13.5000,19.0170,1.9017,-47.7056,LOW
completed,TAKE_PROFIT,3,5,-10,15,2,-32.4889,-32.4889,-26.9065,-38.0713,5.5824,0.0000,0.0000,0.0000,5.0000,18.2417,1.8242,-37.7859,LOW
completed,TAKE_PROFIT,5,1,-5,7,2,-39.6145,-39.6145,-36.8020,-42.4270,2.8125,0.0000,0.0000,0.0000,6.5000,18.6469,1.8647,-44.9114,LOW
completed,TAKE_PROFIT,5,1,-5,10,2,-36.8139,-36.8139,-30.1288,-43.4990,6.6851,0.0000,0.0000,0.0000,6.5000,18.7911,1.8791,-42.1109,LOW
completed,TAKE_PROFIT,5,1,-5,15,2,-31.8333,-31.8333,-26.7481,-36.9186,5.0852,0.0000,0.0000,0.0000,5.0000,18.6341,1.8634,-37.1303,LOW
completed,TAKE_PROFIT,5,1,-10,7,2,-39.6145,-39.6145,-36.8020,-42.4270,2.8125,0.0000,0.0000,0.0000,6.5000,18.6469,1.8647,-44.9114,LOW
completed,TAKE_PROFIT,5,1,-10,10,2,-36.8139,-36.8139,-30.1288,-43.4990,6.6851,0.0000,0.0000,0.0000,6.5000,18.7911,1.8791,-42.1109,LOW
completed,TAKE_PROFIT,5,1,-10,15,2,-31.8333,-31.8333,-26.7481,-36.9186,5.0852,0.0000,0.0000,0.0000,5.0000,18.6341,1.8634,-37.1303,LOW
completed,TAKE_PROFIT,5,3,-5,7,2,-44.0251,-44.0251,-42.5874,-45.4629,1.4377,0.0000,0.0000,0.0000,13.5000,19.7832,1.9783,-49.3221,LOW
completed,TAKE_PROFIT,5,3,-5,10,2,-37.9716,-37.9716,-31.1435,-44.7997,6.8281,0.0000,0.0000,0.0000,11.5000,19.3844,1.9384,-43.2685,LOW
completed,TAKE_PROFIT,5,3,-5,15,2,-32.1341,-32.1341,-27.3495,-36.9186,4.7845,0.0000,0.0000,0.0000,6.0000,18.7724,1.8772,-37.4310,LOW
completed,TAKE_PROFIT,5,3,-10,7,2,-44.0251,-44.0251,-42.5874,-45.4629,1.4377,0.0000,0.0000,0.0000,13.5000,19.7832,1.9783,-49.3221,LOW
completed,TAKE_PROFIT,5,3,-10,10,2,-37.9716,-37.9716,-31.1435,-44.7997,6.8281,0.0000,0.0000,0.0000,11.5000,19.3844,1.9384,-43.2685,LOW
completed,TAKE_PROFIT,5,3,-10,15,2,-32.1341,-32.1341,-27.3495,-36.9186,4.7845,0.0000,0.0000,0.0000,6.0000,18.7724,1.8772,-37.4310,LOW
completed,TAKE_PROFIT,5,5,-5,7,2,-44.3809,-44.3809,-42.6612,-46.1006,1.7197,0.0000,0.0000,0.0000,14.5000,19.9792,1.9979,-49.6778,LOW
completed,TAKE_PROFIT,5,5,-5,10,2,-38.2995,-38.2995,-31.1435,-45.4555,7.1560,0.0000,0.0000,0.0000,12.0000,19.5315,1.9532,-43.5964,LOW
completed,TAKE_PROFIT,5,5,-5,15,2,-32.1341,-32.1341,-27.3495,-36.9186,4.7845,0.0000,0.0000,0.0000,6.0000,18.7724,1.8772,-37.4310,LOW
completed,TAKE_PROFIT,5,5,-10,7,2,-44.3809,-44.3809,-42.6612,-46.1006,1.7197,0.0000,0.0000,0.0000,14.5000,19.9792,1.9979,-49.6778,LOW
completed,TAKE_PROFIT,5,5,-10,10,2,-38.2995,-38.2995,-31.1435,-45.4555,7.1560,0.0000,0.0000,0.0000,12.0000,19.5315,1.9532,-43.5964,LOW
completed,TAKE_PROFIT,5,5,-10,15,2,-32.1341,-32.1341,-27.3495,-36.9186,4.7845,0.0000,0.0000,0.0000,6.0000,18.7724,1.8772,-37.4310,LOW
completed,TAKE_PROFIT,7,1,-5,7,2,-39.7205,-39.7205,-38.4209,-41.0202,1.2996,0.0000,0.0000,0.0000,5.0000,18.4137,1.8414,-45.0175,LOW
completed,TAKE_PROFIT,7,1,-5,10,2,-34.1556,-34.1556,-29.8903,-38.4209,4.2653,0.0000,0.0000,0.0000,4.5000,18.2540,1.8254,-39.4526,LOW
completed,TAKE_PROFIT,7,1,-5,15,2,-29.2891,-29.2891,-22.4126,-36.1655,6.8765,0.0000,0.0000,0.0000,2.0000,18.0861,1.8086,-34.5860,LOW
completed,TAKE_PROFIT,7,1,-10,7,2,-39.7205,-39.7205,-38.4209,-41.0202,1.2996,0.0000,0.0000,0.0000,5.0000,18.4137,1.8414,-45.0175,LOW
completed,TAKE_PROFIT,7,1,-10,10,2,-34.1556,-34.1556,-29.8903,-38.4209,4.2653,0.0000,0.0000,0.0000,4.5000,18.2540,1.8254,-39.4526,LOW
completed,TAKE_PROFIT,7,1,-10,15,2,-29.2891,-29.2891,-22.4126,-36.1655,6.8765,0.0000,0.0000,0.0000,2.0000,18.0861,1.8086,-34.5860,LOW
completed,TAKE_PROFIT,7,3,-5,7,2,-40.0537,-40.0537,-39.0529,-41.0545,1.0008,0.0000,0.0000,0.0000,7.0000,18.6103,1.8610,-45.3506,LOW
completed,TAKE_PROFIT,7,3,-5,10,2,-34.4716,-34.4716,-29.8903,-39.0529,4.5813,0.0000,0.0000,0.0000,5.5000,18.3703,1.8370,-39.7685,LOW
completed,TAKE_PROFIT,7,3,-5,15,2,-29.2891,-29.2891,-22.4126,-36.1655,6.8765,0.0000,0.0000,0.0000,2.0000,18.0861,1.8086,-34.5860,LOW
completed,TAKE_PROFIT,7,3,-10,7,2,-40.0537,-40.0537,-39.0529,-41.0545,1.0008,0.0000,0.0000,0.0000,7.0000,18.6103,1.8610,-45.3506,LOW
completed,TAKE_PROFIT,7,3,-10,10,2,-34.4716,-34.4716,-29.8903,-39.0529,4.5813,0.0000,0.0000,0.0000,5.5000,18.3703,1.8370,-39.7685,LOW
completed,TAKE_PROFIT,7,3,-10,15,2,-29.2891,-29.2891,-22.4126,-36.1655,6.8765,0.0000,0.0000,0.0000,2.0000,18.0861,1.8086,-34.5860,LOW
completed,TAKE_PROFIT,7,5,-5,7,2,-40.0537,-40.0537,-39.0529,-41.0545,1.0008,0.0000,0.0000,0.0000,7.0000,18.6103,1.8610,-45.3506,LOW
completed,TAKE_PROFIT,7,5,-5,10,2,-34.4716,-34.4716,-29.8903,-39.0529,4.5813,0.0000,0.0000,0.0000,5.5000,18.3703,1.8370,-39.7685,LOW
completed,TAKE_PROFIT,7,5,-5,15,2,-29.2891,-29.2891,-22.4126,-36.1655,6.8765,0.0000,0.0000,0.0000,2.0000,18.0861,1.8086,-34.5860,LOW
completed,TAKE_PROFIT,7,5,-10,7,2,-40.0537,-40.0537,-39.0529,-41.0545,1.0008,0.0000,0.0000,0.0000,7.0000,18.6103,1.8610,-45.3506,LOW
completed,TAKE_PROFIT,7,5,-10,10,2,-34.4716,-34.4716,-29.8903,-39.0529,4.5813,0.0000,0.0000,0.0000,5.5000,18.3703,1.8370,-39.7685,LOW
completed,TAKE_PROFIT,7,5,-10,15,2,-29.2891,-29.2891,-22.4126,-36.1655,6.8765,0.0000,0.0000,0.0000,2.0000,18.0861,1.8086,-34.5860,LOW
completed,HYBRID_VALUE_MOMENTUM,3,1,-5,7,2,-15.9908,-15.9908,-15.5833,-16.3982,0.4074,0.0000,0.0000,0.0000,7.5000,1.5236,0.1524,-21.2877,LOW
completed,HYBRID_VALUE_MOMENTUM,3,1,-5,10,2,-15.9908,-15.9908,-15.5833,-16.3982,0.4074,0.0000,0.0000,0.0000,7.5000,1.5236,0.1524,-21.2877,LOW
completed,HYBRID_VALUE_MOMENTUM,3,1,-5,15,2,-15.9908,-15.9908,-15.5833,-16.3982,0.4074,0.0000,0.0000,0.0000,7.5000,1.5236,0.1524,-21.2877,LOW
completed,HYBRID_VALUE_MOMENTUM,3,1,-10,7,2,-15.9908,-15.9908,-15.5833,-16.3982,0.4074,0.0000,0.0000,0.0000,7.5000,1.5236,0.1524,-21.2877,LOW
completed,HYBRID_VALUE_MOMENTUM,3,1,-10,10,2,-15.9908,-15.9908,-15.5833,-16.3982,0.4074,0.0000,0.0000,0.0000,7.5000,1.5236,0.1524,-21.2877,LOW
completed,HYBRID_VALUE_MOMENTUM,3,1,-10,15,2,-15.9908,-15.9908,-15.5833,-16.3982,0.4074,0.0000,0.0000,0.0000,7.5000,1.5236,0.1524,-21.2877,LOW
completed,HYBRID_VALUE_MOMENTUM,3,3,-5,7,2,-27.5183,-27.5183,-27.4523,-27.5842,0.0659,0.0000,0.0000,0.0000,10.5000,1.9535,0.1953,-32.8152,LOW
completed,HYBRID_VALUE_MOMENTUM,3,3,-5,10,2,-27.5183,-27.5183,-27.4523,-27.5842,0.0659,0.0000,0.0000,0.0000,10.5000,1.9535,0.1953,-32.8152,LOW
completed,HYBRID_VALUE_MOMENTUM,3,3,-5,15,2,-27.5183,-27.5183,-27.4523,-27.5842,0.0659,0.0000,0.0000,0.0000,10.5000,1.9535,0.1953,-32.8152,LOW
completed,HYBRID_VALUE_MOMENTUM,3,3,-10,7,2,-27.5183,-27.5183,-27.4523,-27.5842,0.0659,0.0000,0.0000,0.0000,10.5000,1.9535,0.1953,-32.8152,LOW
completed,HYBRID_VALUE_MOMENTUM,3,3,-10,10,2,-27.5183,-27.5183,-27.4523,-27.5842,0.0659,0.0000,0.0000,0.0000,10.5000,1.9535,0.1953,-32.8152,LOW
completed,HYBRID_VALUE_MOMENTUM,3,3,-10,15,2,-27.5183,-27.5183,-27.4523,-27.5842,0.0659,0.0000,0.0000,0.0000,10.5000,1.9535,0.1953,-32.8152,LOW
completed,HYBRID_VALUE_MOMENTUM,3,5,-5,7,2,-27.5183,-27.5183,-27.4523,-27.5842,0.0659,0.0000,0.0000,0.0000,10.5000,1.9535,0.1953,-32.8152,LOW
completed,HYBRID_VALUE_MOMENTUM,3,5,-5,10,2,-27.5183,-27.5183,-27.4523,-27.5842,0.0659,0.0000,0.0000,0.0000,10.5000,1.9535,0.1953,-32.8152,LOW
completed,HYBRID_VALUE_MOMENTUM,3,5,-5,15,2,-27.5183,-27.5183,-27.4523,-27.5842,0.0659,0.0000,0.0000,0.0000,10.5000,1.9535,0.1953,-32.8152,LOW
completed,HYBRID_VALUE_MOMENTUM,3,5,-10,7,2,-27.5183,-27.5183,-27.4523,-27.5842,0.0659,0.0000,0.0000,0.0000,10.5000,1.9535,0.1953,-32.8152,LOW
completed,HYBRID_VALUE_MOMENTUM,3,5,-10,10,2,-27.5183,-27.5183,-27.4523,-27.5842,0.0659,0.0000,0.0000,0.0000,10.5000,1.9535,0.1953,-32.8152,LOW
completed,HYBRID_VALUE_MOMENTUM,3,5,-10,15,2,-27.5183,-27.5183,-27.4523,-27.5842,0.0659,0.0000,0.0000,0.0000,10.5000,1.9535,0.1953,-32.8152,LOW
completed,HYBRID_VALUE_MOMENTUM,5,1,-5,7,2,-13.6895,-13.6895,1.5134,-28.8924,15.2029,50.0000,0.0000,0.0000,3.0000,1.3104,0.1310,-18.9864,LOW
completed,HYBRID_VALUE_MOMENTUM,5,1,-5,10,2,-13.6895,-13.6895,1.5134,-28.8924,15.2029,50.0000,0.0000,0.0000,3.0000,1.3104,0.1310,-18.9864,LOW
completed,HYBRID_VALUE_MOMENTUM,5,1,-5,15,2,-13.6895,-13.6895,1.5134,-28.8924,15.2029,50.0000,0.0000,0.0000,3.0000,1.3104,0.1310,-18.9864,LOW
completed,HYBRID_VALUE_MOMENTUM,5,1,-10,7,2,-13.6895,-13.6895,1.5134,-28.8924,15.2029,50.0000,0.0000,0.0000,3.0000,1.3104,0.1310,-18.9864,LOW
completed,HYBRID_VALUE_MOMENTUM,5,1,-10,10,2,-13.6895,-13.6895,1.5134,-28.8924,15.2029,50.0000,0.0000,0.0000,3.0000,1.3104,0.1310,-18.9864,LOW
completed,HYBRID_VALUE_MOMENTUM,5,1,-10,15,2,-13.6895,-13.6895,1.5134,-28.8924,15.2029,50.0000,0.0000,0.0000,3.0000,1.3104,0.1310,-18.9864,LOW
completed,HYBRID_VALUE_MOMENTUM,5,3,-5,7,2,-13.4495,-13.4495,1.5134,-28.4124,14.9629,50.0000,0.0000,0.0000,4.5000,1.5054,0.1505,-18.7464,LOW
completed,HYBRID_VALUE_MOMENTUM,5,3,-5,10,2,-13.4495,-13.4495,1.5134,-28.4124,14.9629,50.0000,0.0000,0.0000,4.5000,1.5054,0.1505,-18.7464,LOW
completed,HYBRID_VALUE_MOMENTUM,5,3,-5,15,2,-13.4495,-13.4495,1.5134,-28.4124,14.9629,50.0000,0.0000,0.0000,4.5000,1.5054,0.1505,-18.7464,LOW
completed,HYBRID_VALUE_MOMENTUM,5,3,-10,7,2,-13.4495,-13.4495,1.5134,-28.4124,14.9629,50.0000,0.0000,0.0000,4.5000,1.5054,0.1505,-18.7464,LOW
completed,HYBRID_VALUE_MOMENTUM,5,3,-10,10,2,-13.4495,-13.4495,1.5134,-28.4124,14.9629,50.0000,0.0000,0.0000,4.5000,1.5054,0.1505,-18.7464,LOW
completed,HYBRID_VALUE_MOMENTUM,5,3,-10,15,2,-13.4495,-13.4495,1.5134,-28.4124,14.9629,50.0000,0.0000,0.0000,4.5000,1.5054,0.1505,-18.7464,LOW
completed,HYBRID_VALUE_MOMENTUM,5,5,-5,7,2,-13.4495,-13.4495,1.5134,-28.4124,14.9629,50.0000,0.0000,0.0000,4.5000,1.5054,0.1505,-18.7464,LOW
completed,HYBRID_VALUE_MOMENTUM,5,5,-5,10,2,-13.4495,-13.4495,1.5134,-28.4124,14.9629,50.0000,0.0000,0.0000,4.5000,1.5054,0.1505,-18.7464,LOW
completed,HYBRID_VALUE_MOMENTUM,5,5,-5,15,2,-13.4495,-13.4495,1.5134,-28.4124,14.9629,50.0000,0.0000,0.0000,4.5000,1.5054,0.1505,-18.7464,LOW
completed,HYBRID_VALUE_MOMENTUM,5,5,-10,7,2,-13.4495,-13.4495,1.5134,-28.4124,14.9629,50.0000,0.0000,0.0000,4.5000,1.5054,0.1505,-18.7464,LOW
completed,HYBRID_VALUE_MOMENTUM,5,5,-10,10,2,-13.4495,-13.4495,1.5134,-28.4124,14.9629,50.0000,0.0000,0.0000,4.5000,1.5054,0.1505,-18.7464,LOW
completed,HYBRID_VALUE_MOMENTUM,5,5,-10,15,2,-13.4495,-13.4495,1.5134,-28.4124,14.9629,50.0000,0.0000,0.0000,4.5000,1.5054,0.1505,-18.7464,LOW
completed,HYBRID_VALUE_MOMENTUM,7,1,-5,7,2,-0.2440,-0.2440,2.6580,-3.1459,2.9020,50.0000,0.0000,0.0000,3.0000,1.0683,0.1068,-5.5409,LOW
completed,HYBRID_VALUE_MOMENTUM,7,1,-5,10,2,-0.2440,-0.2440,2.6580,-3.1459,2.9020,50.0000,0.0000,0.0000,3.0000,1.0683,0.1068,-5.5409,LOW
completed,HYBRID_VALUE_MOMENTUM,7,1,-5,15,2,-0.2440,-0.2440,2.6580,-3.1459,2.9020,50.0000,0.0000,0.0000,3.0000,1.0683,0.1068,-5.5409,LOW
completed,HYBRID_VALUE_MOMENTUM,7,1,-10,7,2,-0.2440,-0.2440,2.6580,-3.1459,2.9020,50.0000,0.0000,0.0000,3.0000,1.0683,0.1068,-5.5409,LOW
completed,HYBRID_VALUE_MOMENTUM,7,1,-10,10,2,-0.2440,-0.2440,2.6580,-3.1459,2.9020,50.0000,0.0000,0.0000,3.0000,1.0683,0.1068,-5.5409,LOW
completed,HYBRID_VALUE_MOMENTUM,7,1,-10,15,2,-0.2440,-0.2440,2.6580,-3.1459,2.9020,50.0000,0.0000,0.0000,3.0000,1.0683,0.1068,-5.5409,LOW
completed,HYBRID_VALUE_MOMENTUM,7,3,-5,7,2,-11.7616,-11.7616,-0.6796,-22.8437,11.0820,0.0000,0.0000,0.0000,4.5000,1.2104,0.1210,-17.0586,LOW
completed,HYBRID_VALUE_MOMENTUM,7,3,-5,10,2,-11.7616,-11.7616,-0.6796,-22.8437,11.0820,0.0000,0.0000,0.0000,4.5000,1.2104,0.1210,-17.0586,LOW
completed,HYBRID_VALUE_MOMENTUM,7,3,-5,15,2,-11.7616,-11.7616,-0.6796,-22.8437,11.0820,0.0000,0.0000,0.0000,4.5000,1.2104,0.1210,-17.0586,LOW
completed,HYBRID_VALUE_MOMENTUM,7,3,-10,7,2,-11.7616,-11.7616,-0.6796,-22.8437,11.0820,0.0000,0.0000,0.0000,4.5000,1.2104,0.1210,-17.0586,LOW
completed,HYBRID_VALUE_MOMENTUM,7,3,-10,10,2,-11.7616,-11.7616,-0.6796,-22.8437,11.0820,0.0000,0.0000,0.0000,4.5000,1.2104,0.1210,-17.0586,LOW
completed,HYBRID_VALUE_MOMENTUM,7,3,-10,15,2,-11.7616,-11.7616,-0.6796,-22.8437,11.0820,0.0000,0.0000,0.0000,4.5000,1.2104,0.1210,-17.0586,LOW
completed,HYBRID_VALUE_MOMENTUM,7,5,-5,7,2,-11.7616,-11.7616,-0.6796,-22.8437,11.0820,0.0000,0.0000,0.0000,4.5000,1.2104,0.1210,-17.0586,LOW
completed,HYBRID_VALUE_MOMENTUM,7,5,-5,10,2,-11.7616,-11.7616,-0.6796,-22.8437,11.0820,0.0000,0.0000,0.0000,4.5000,1.2104,0.1210,-17.0586,LOW
completed,HYBRID_VALUE_MOMENTUM,7,5,-5,15,2,-11.7616,-11.7616,-0.6796,-22.8437,11.0820,0.0000,0.0000,0.0000,4.5000,1.2104,0.1210,-17.0586,LOW
completed,HYBRID_VALUE_MOMENTUM,7,5,-10,7,2,-11.7616,-11.7616,-0.6796,-22.8437,11.0820,0.0000,0.0000,0.0000,4.5000,1.2104,0.1210,-17.0586,LOW
completed,HYBRID_VALUE_MOMENTUM,7,5,-10,10,2,-11.7616,-11.7616,-0.6796,-22.8437,11.0820,0.0000,0.0000,0.0000,4.5000,1.2104,0.1210,-17.0586,LOW
completed,HYBRID_VALUE_MOMENTUM,7,5,-10,15,2,-11.7616,-11.7616,-0.6796,-22.8437,11.0820,0.0000,0.0000,0.0000,4.5000,1.2104,0.1210,-17.0586,LOW
in_progress,HOLD,3,1,-5,7,1,3.6273,3.6273,3.6273,3.6273,0.0000,100.0000,0.0000,0.0000,0.0000,0.8679,0.0868,0.0000,LOW
in_progress,HOLD,3,1,-5,10,1,3.6273,3.6273,3.6273,3.6273,0.0000,100.0000,0.0000,0.0000,0.0000,0.8679,0.0868,0.0000,LOW
in_progress,HOLD,3,1,-5,15,1,3.6273,3.6273,3.6273,3.6273,0.0000,100.0000,0.0000,0.0000,0.0000,0.8679,0.0868,0.0000,LOW
in_progress,HOLD,3,1,-10,7,1,3.6273,3.6273,3.6273,3.6273,0.0000,100.0000,0.0000,0.0000,0.0000,0.8679,0.0868,0.0000,LOW
in_progress,HOLD,3,1,-10,10,1,3.6273,3.6273,3.6273,3.6273,0.0000,100.0000,0.0000,0.0000,0.0000,0.8679,0.0868,0.0000,LOW
in_progress,HOLD,3,1,-10,15,1,3.6273,3.6273,3.6273,3.6273,0.0000,100.0000,0.0000,0.0000,0.0000,0.8679,0.0868,0.0000,LOW
in_progress,HOLD,3,3,-5,7,1,3.6273,3.6273,3.6273,3.6273,0.0000,100.0000,0.0000,0.0000,0.0000,0.8679,0.0868,0.0000,LOW
in_progress,HOLD,3,3,-5,10,1,3.6273,3.6273,3.6273,3.6273,0.0000,100.0000,0.0000,0.0000,0.0000,0.8679,0.0868,0.0000,LOW
in_progress,HOLD,3,3,-5,15,1,3.6273,3.6273,3.6273,3.6273,0.0000,100.0000,0.0000,0.0000,0.0000,0.8679,0.0868,0.0000,LOW
in_progress,HOLD,3,3,-10,7,1,3.6273,3.6273,3.6273,3.6273,0.0000,100.0000,0.0000,0.0000,0.0000,0.8679,0.0868,0.0000,LOW
in_progress,HOLD,3,3,-10,10,1,3.6273,3.6273,3.6273,3.6273,0.0000,100.0000,0.0000,0.0000,0.0000,0.8679,0.0868,0.0000,LOW
in_progress,HOLD,3,3,-10,15,1,3.6273,3.6273,3.6273,3.6273,0.0000,100.0000,0.0000,0.0000,0.0000,0.8679,0.0868,0.0000,LOW
in_progress,HOLD,3,5,-5,7,1,3.6273,3.6273,3.6273,3.6273,0.0000,100.0000,0.0000,0.0000,0.0000,0.8679,0.0868,0.0000,LOW
in_progress,HOLD,3,5,-5,10,1,3.6273,3.6273,3.6273,3.6273,0.0000,100.0000,0.0000,0.0000,0.0000,0.8679,0.0868,0.0000,LOW
in_progress,HOLD,3,5,-5,15,1,3.6273,3.6273,3.6273,3.6273,0.0000,100.0000,0.0000,0.0000,0.0000,0.8679,0.0868,0.0000,LOW
in_progress,HOLD,3,5,-10,7,1,3.6273,3.6273,3.6273,3.6273,0.0000,100.0000,0.0000,0.0000,0.0000,0.8679,0.0868,0.0000,LOW
in_progress,HOLD,3,5,-10,10,1,3.6273,3.6273,3.6273,3.6273,0.0000,100.0000,0.0000,0.0000,0.0000,0.8679,0.0868,0.0000,LOW
in_progress,HOLD,3,5,-10,15,1,3.6273,3.6273,3.6273,3.6273,0.0000,100.0000,0.0000,0.0000,0.0000,0.8679,0.0868,0.0000,LOW
in_progress,HOLD,5,1,-5,7,1,3.6273,3.6273,3.6273,3.6273,0.0000,100.0000,0.0000,0.0000,0.0000,0.8679,0.0868,0.0000,LOW
in_progress,HOLD,5,1,-5,10,1,3.6273,3.6273,3.6273,3.6273,0.0000,100.0000,0.0000,0.0000,0.0000,0.8679,0.0868,0.0000,LOW
in_progress,HOLD,5,1,-5,15,1,3.6273,3.6273,3.6273,3.6273,0.0000,100.0000,0.0000,0.0000,0.0000,0.8679,0.0868,0.0000,LOW
in_progress,HOLD,5,1,-10,7,1,3.6273,3.6273,3.6273,3.6273,0.0000,100.0000,0.0000,0.0000,0.0000,0.8679,0.0868,0.0000,LOW
in_progress,HOLD,5,1,-10,10,1,3.6273,3.6273,3.6273,3.6273,0.0000,100.0000,0.0000,0.0000,0.0000,0.8679,0.0868,0.0000,LOW
in_progress,HOLD,5,1,-10,15,1,3.6273,3.6273,3.6273,3.6273,0.0000,100.0000,0.0000,0.0000,0.0000,0.8679,0.0868,0.0000,LOW
in_progress,HOLD,5,3,-5,7,1,3.6273,3.6273,3.6273,3.6273,0.0000,100.0000,0.0000,0.0000,0.0000,0.8679,0.0868,0.0000,LOW
in_progress,HOLD,5,3,-5,10,1,3.6273,3.6273,3.6273,3.6273,0.0000,100.0000,0.0000,0.0000,0.0000,0.8679,0.0868,0.0000,LOW
in_progress,HOLD,5,3,-5,15,1,3.6273,3.6273,3.6273,3.6273,0.0000,100.0000,0.0000,0.0000,0.0000,0.8679,0.0868,0.0000,LOW
in_progress,HOLD,5,3,-10,7,1,3.6273,3.6273,3.6273,3.6273,0.0000,100.0000,0.0000,0.0000,0.0000,0.8679,0.0868,0.0000,LOW
in_progress,HOLD,5,3,-10,10,1,3.6273,3.6273,3.6273,3.6273,0.0000,100.0000,0.0000,0.0000,0.0000,0.8679,0.0868,0.0000,LOW
in_progress,HOLD,5,3,-10,15,1,3.6273,3.6273,3.6273,3.6273,0.0000,100.0000,0.0000,0.0000,0.0000,0.8679,0.0868,0.0000,LOW
in_progress,HOLD,5,5,-5,7,1,3.6273,3.6273,3.6273,3.6273,0.0000,100.0000,0.0000,0.0000,0.0000,0.8679,0.0868,0.0000,LOW
in_progress,HOLD,5,5,-5,10,1,3.6273,3.6273,3.6273,3.6273,0.0000,100.0000,0.0000,0.0000,0.0000,0.8679,0.0868,0.0000,LOW
in_progress,HOLD,5,5,-5,15,1,3.6273,3.6273,3.6273,3.6273,0.0000,100.0000,0.0000,0.0000,0.0000,0.8679,0.0868,0.0000,LOW
in_progress,HOLD,5,5,-10,7,1,3.6273,3.6273,3.6273,3.6273,0.0000,100.0000,0.0000,0.0000,0.0000,0.8679,0.0868,0.0000,LOW
in_progress,HOLD,5,5,-10,10,1,3.6273,3.6273,3.6273,3.6273,0.0000,100.0000,0.0000,0.0000,0.0000,0.8679,0.0868,0.0000,LOW
in_progress,HOLD,5,5,-10,15,1,3.6273,3.6273,3.6273,3.6273,0.0000,100.0000,0.0000,0.0000,0.0000,0.8679,0.0868,0.0000,LOW
in_progress,HOLD,7,1,-5,7,1,3.6273,3.6273,3.6273,3.6273,0.0000,100.0000,0.0000,0.0000,0.0000,0.8679,0.0868,0.0000,LOW
in_progress,HOLD,7,1,-5,10,1,3.6273,3.6273,3.6273,3.6273,0.0000,100.0000,0.0000,0.0000,0.0000,0.8679,0.0868,0.0000,LOW
in_progress,HOLD,7,1,-5,15,1,3.6273,3.6273,3.6273,3.6273,0.0000,100.0000,0.0000,0.0000,0.0000,0.8679,0.0868,0.0000,LOW
in_progress,HOLD,7,1,-10,7,1,3.6273,3.6273,3.6273,3.6273,0.0000,100.0000,0.0000,0.0000,0.0000,0.8679,0.0868,0.0000,LOW
in_progress,HOLD,7,1,-10,10,1,3.6273,3.6273,3.6273,3.6273,0.0000,100.0000,0.0000,0.0000,0.0000,0.8679,0.0868,0.0000,LOW
in_progress,HOLD,7,1,-10,15,1,3.6273,3.6273,3.6273,3.6273,0.0000,100.0000,0.0000,0.0000,0.0000,0.8679,0.0868,0.0000,LOW
in_progress,HOLD,7,3,-5,7,1,3.6273,3.6273,3.6273,3.6273,0.0000,100.0000,0.0000,0.0000,0.0000,0.8679,0.0868,0.0000,LOW
in_progress,HOLD,7,3,-5,10,1,3.6273,3.6273,3.6273,3.6273,0.0000,100.0000,0.0000,0.0000,0.0000,0.8679,0.0868,0.0000,LOW
in_progress,HOLD,7,3,-5,15,1,3.6273,3.6273,3.6273,3.6273,0.0000,100.0000,0.0000,0.0000,0.0000,0.8679,0.0868,0.0000,LOW
in_progress,HOLD,7,3,-10,7,1,3.6273,3.6273,3.6273,3.6273,0.0000,100.0000,0.0000,0.0000,0.0000,0.8679,0.0868,0.0000,LOW
in_progress,HOLD,7,3,-10,10,1,3.6273,3.6273,3.6273,3.6273,0.0000,100.0000,0.0000,0.0000,0.0000,0.8679,0.0868,0.0000,LOW
in_progress,HOLD,7,3,-10,15,1,3.6273,3.6273,3.6273,3.6273,0.0000,100.0000,0.0000,0.0000,0.0000,0.8679,0.0868,0.0000,LOW
in_progress,HOLD,7,5,-5,7,1,3.6273,3.6273,3.6273,3.6273,0.0000,100.0000,0.0000,0.0000,0.0000,0.8679,0.0868,0.0000,LOW
in_progress,HOLD,7,5,-5,10,1,3.6273,3.6273,3.6273,3.6273,0.0000,100.0000,0.0000,0.0000,0.0000,0.8679,0.0868,0.0000,LOW
in_progress,HOLD,7,5,-5,15,1,3.6273,3.6273,3.6273,3.6273,0.0000,100.0000,0.0000,0.0000,0.0000,0.8679,0.0868,0.0000,LOW
in_progress,HOLD,7,5,-10,7,1,3.6273,3.6273,3.6273,3.6273,0.0000,100.0000,0.0000,0.0000,0.0000,0.8679,0.0868,0.0000,LOW
in_progress,HOLD,7,5,-10,10,1,3.6273,3.6273,3.6273,3.6273,0.0000,100.0000,0.0000,0.0000,0.0000,0.8679,0.0868,0.0000,LOW
in_progress,HOLD,7,5,-10,15,1,3.6273,3.6273,3.6273,3.6273,0.0000,100.0000,0.0000,0.0000,0.0000,0.8679,0.0868,0.0000,LOW
in_progress,VALUE_ROTATION,3,1,-5,7,1,-1.9454,-1.9454,-1.9454,-1.9454,0.0000,0.0000,0.0000,0.0000,11.0000,1.8649,0.1865,-5.5727,LOW
in_progress,VALUE_ROTATION,3,1,-5,10,1,-1.9454,-1.9454,-1.9454,-1.9454,0.0000,0.0000,0.0000,0.0000,11.0000,1.8649,0.1865,-5.5727,LOW
in_progress,VALUE_ROTATION,3,1,-5,15,1,-1.9454,-1.9454,-1.9454,-1.9454,0.0000,0.0000,0.0000,0.0000,11.0000,1.8649,0.1865,-5.5727,LOW
in_progress,VALUE_ROTATION,3,1,-10,7,1,-1.9454,-1.9454,-1.9454,-1.9454,0.0000,0.0000,0.0000,0.0000,11.0000,1.8649,0.1865,-5.5727,LOW
in_progress,VALUE_ROTATION,3,1,-10,10,1,-1.9454,-1.9454,-1.9454,-1.9454,0.0000,0.0000,0.0000,0.0000,11.0000,1.8649,0.1865,-5.5727,LOW
in_progress,VALUE_ROTATION,3,1,-10,15,1,-1.9454,-1.9454,-1.9454,-1.9454,0.0000,0.0000,0.0000,0.0000,11.0000,1.8649,0.1865,-5.5727,LOW
in_progress,VALUE_ROTATION,3,3,-5,7,1,-42.1761,-42.1761,-42.1761,-42.1761,0.0000,0.0000,0.0000,0.0000,33.0000,6.1192,0.6119,-45.8034,MEDIUM
in_progress,VALUE_ROTATION,3,3,-5,10,1,-42.1761,-42.1761,-42.1761,-42.1761,0.0000,0.0000,0.0000,0.0000,33.0000,6.1192,0.6119,-45.8034,MEDIUM
in_progress,VALUE_ROTATION,3,3,-5,15,1,-42.1761,-42.1761,-42.1761,-42.1761,0.0000,0.0000,0.0000,0.0000,33.0000,6.1192,0.6119,-45.8034,MEDIUM
in_progress,VALUE_ROTATION,3,3,-10,7,1,-42.1761,-42.1761,-42.1761,-42.1761,0.0000,0.0000,0.0000,0.0000,33.0000,6.1192,0.6119,-45.8034,MEDIUM
in_progress,VALUE_ROTATION,3,3,-10,10,1,-42.1761,-42.1761,-42.1761,-42.1761,0.0000,0.0000,0.0000,0.0000,33.0000,6.1192,0.6119,-45.8034,MEDIUM
in_progress,VALUE_ROTATION,3,3,-10,15,1,-42.1761,-42.1761,-42.1761,-42.1761,0.0000,0.0000,0.0000,0.0000,33.0000,6.1192,0.6119,-45.8034,MEDIUM
in_progress,VALUE_ROTATION,3,5,-5,7,1,-61.7521,-61.7521,-61.7521,-61.7521,0.0000,0.0000,0.0000,0.0000,55.0000,9.7183,0.9718,-65.3794,HIGH
in_progress,VALUE_ROTATION,3,5,-5,10,1,-61.7521,-61.7521,-61.7521,-61.7521,0.0000,0.0000,0.0000,0.0000,55.0000,9.7183,0.9718,-65.3794,HIGH
in_progress,VALUE_ROTATION,3,5,-5,15,1,-61.7521,-61.7521,-61.7521,-61.7521,0.0000,0.0000,0.0000,0.0000,55.0000,9.7183,0.9718,-65.3794,HIGH
in_progress,VALUE_ROTATION,3,5,-10,7,1,-61.7521,-61.7521,-61.7521,-61.7521,0.0000,0.0000,0.0000,0.0000,55.0000,9.7183,0.9718,-65.3794,HIGH
in_progress,VALUE_ROTATION,3,5,-10,10,1,-61.7521,-61.7521,-61.7521,-61.7521,0.0000,0.0000,0.0000,0.0000,55.0000,9.7183,0.9718,-65.3794,HIGH
in_progress,VALUE_ROTATION,3,5,-10,15,1,-61.7521,-61.7521,-61.7521,-61.7521,0.0000,0.0000,0.0000,0.0000,55.0000,9.7183,0.9718,-65.3794,HIGH
in_progress,VALUE_ROTATION,5,1,-5,7,1,10.8486,10.8486,10.8486,10.8486,0.0000,100.0000,100.0000,100.0000,7.0000,1.5062,0.1506,7.2213,LOW
in_progress,VALUE_ROTATION,5,1,-5,10,1,10.8486,10.8486,10.8486,10.8486,0.0000,100.0000,100.0000,100.0000,7.0000,1.5062,0.1506,7.2213,LOW
in_progress,VALUE_ROTATION,5,1,-5,15,1,10.8486,10.8486,10.8486,10.8486,0.0000,100.0000,100.0000,100.0000,7.0000,1.5062,0.1506,7.2213,LOW
in_progress,VALUE_ROTATION,5,1,-10,7,1,10.8486,10.8486,10.8486,10.8486,0.0000,100.0000,100.0000,100.0000,7.0000,1.5062,0.1506,7.2213,LOW
in_progress,VALUE_ROTATION,5,1,-10,10,1,10.8486,10.8486,10.8486,10.8486,0.0000,100.0000,100.0000,100.0000,7.0000,1.5062,0.1506,7.2213,LOW
in_progress,VALUE_ROTATION,5,1,-10,15,1,10.8486,10.8486,10.8486,10.8486,0.0000,100.0000,100.0000,100.0000,7.0000,1.5062,0.1506,7.2213,LOW
in_progress,VALUE_ROTATION,5,3,-5,7,1,-18.0212,-18.0212,-18.0212,-18.0212,0.0000,0.0000,0.0000,0.0000,21.0000,3.5493,0.3549,-21.6485,MEDIUM
in_progress,VALUE_ROTATION,5,3,-5,10,1,-18.0212,-18.0212,-18.0212,-18.0212,0.0000,0.0000,0.0000,0.0000,21.0000,3.5493,0.3549,-21.6485,MEDIUM
in_progress,VALUE_ROTATION,5,3,-5,15,1,-18.0212,-18.0212,-18.0212,-18.0212,0.0000,0.0000,0.0000,0.0000,21.0000,3.5493,0.3549,-21.6485,MEDIUM
in_progress,VALUE_ROTATION,5,3,-10,7,1,-18.0212,-18.0212,-18.0212,-18.0212,0.0000,0.0000,0.0000,0.0000,21.0000,3.5493,0.3549,-21.6485,MEDIUM
in_progress,VALUE_ROTATION,5,3,-10,10,1,-18.0212,-18.0212,-18.0212,-18.0212,0.0000,0.0000,0.0000,0.0000,21.0000,3.5493,0.3549,-21.6485,MEDIUM
in_progress,VALUE_ROTATION,5,3,-10,15,1,-18.0212,-18.0212,-18.0212,-18.0212,0.0000,0.0000,0.0000,0.0000,21.0000,3.5493,0.3549,-21.6485,MEDIUM
in_progress,VALUE_ROTATION,5,5,-5,7,1,-47.4539,-47.4539,-47.4539,-47.4539,0.0000,0.0000,0.0000,0.0000,35.0000,5.9985,0.5998,-51.0812,MEDIUM
in_progress,VALUE_ROTATION,5,5,-5,10,1,-47.4539,-47.4539,-47.4539,-47.4539,0.0000,0.0000,0.0000,0.0000,35.0000,5.9985,0.5998,-51.0812,MEDIUM
in_progress,VALUE_ROTATION,5,5,-5,15,1,-47.4539,-47.4539,-47.4539,-47.4539,0.0000,0.0000,0.0000,0.0000,35.0000,5.9985,0.5998,-51.0812,MEDIUM
in_progress,VALUE_ROTATION,5,5,-10,7,1,-47.4539,-47.4539,-47.4539,-47.4539,0.0000,0.0000,0.0000,0.0000,35.0000,5.9985,0.5998,-51.0812,MEDIUM
in_progress,VALUE_ROTATION,5,5,-10,10,1,-47.4539,-47.4539,-47.4539,-47.4539,0.0000,0.0000,0.0000,0.0000,35.0000,5.9985,0.5998,-51.0812,MEDIUM
in_progress,VALUE_ROTATION,5,5,-10,15,1,-47.4539,-47.4539,-47.4539,-47.4539,0.0000,0.0000,0.0000,0.0000,35.0000,5.9985,0.5998,-51.0812,MEDIUM
in_progress,VALUE_ROTATION,7,1,-5,7,1,-12.6755,-12.6755,-12.6755,-12.6755,0.0000,0.0000,0.0000,0.0000,5.0000,1.4783,0.1478,-16.3027,LOW
in_progress,VALUE_ROTATION,7,1,-5,10,1,-12.6755,-12.6755,-12.6755,-12.6755,0.0000,0.0000,0.0000,0.0000,5.0000,1.4783,0.1478,-16.3027,LOW
in_progress,VALUE_ROTATION,7,1,-5,15,1,-12.6755,-12.6755,-12.6755,-12.6755,0.0000,0.0000,0.0000,0.0000,5.0000,1.4783,0.1478,-16.3027,LOW
in_progress,VALUE_ROTATION,7,1,-10,7,1,-12.6755,-12.6755,-12.6755,-12.6755,0.0000,0.0000,0.0000,0.0000,5.0000,1.4783,0.1478,-16.3027,LOW
in_progress,VALUE_ROTATION,7,1,-10,10,1,-12.6755,-12.6755,-12.6755,-12.6755,0.0000,0.0000,0.0000,0.0000,5.0000,1.4783,0.1478,-16.3027,LOW
in_progress,VALUE_ROTATION,7,1,-10,15,1,-12.6755,-12.6755,-12.6755,-12.6755,0.0000,0.0000,0.0000,0.0000,5.0000,1.4783,0.1478,-16.3027,LOW
in_progress,VALUE_ROTATION,7,3,-5,7,1,-13.3171,-13.3171,-13.3171,-13.3171,0.0000,0.0000,0.0000,0.0000,15.0000,2.5274,0.2527,-16.9444,LOW
in_progress,VALUE_ROTATION,7,3,-5,10,1,-13.3171,-13.3171,-13.3171,-13.3171,0.0000,0.0000,0.0000,0.0000,15.0000,2.5274,0.2527,-16.9444,LOW
in_progress,VALUE_ROTATION,7,3,-5,15,1,-13.3171,-13.3171,-13.3171,-13.3171,0.0000,0.0000,0.0000,0.0000,15.0000,2.5274,0.2527,-16.9444,LOW
in_progress,VALUE_ROTATION,7,3,-10,7,1,-13.3171,-13.3171,-13.3171,-13.3171,0.0000,0.0000,0.0000,0.0000,15.0000,2.5274,0.2527,-16.9444,LOW
in_progress,VALUE_ROTATION,7,3,-10,10,1,-13.3171,-13.3171,-13.3171,-13.3171,0.0000,0.0000,0.0000,0.0000,15.0000,2.5274,0.2527,-16.9444,LOW
in_progress,VALUE_ROTATION,7,3,-10,15,1,-13.3171,-13.3171,-13.3171,-13.3171,0.0000,0.0000,0.0000,0.0000,15.0000,2.5274,0.2527,-16.9444,LOW
in_progress,VALUE_ROTATION,7,5,-5,7,1,-25.1977,-25.1977,-25.1977,-25.1977,0.0000,0.0000,0.0000,0.0000,25.0000,3.8999,0.3900,-28.8250,MEDIUM
in_progress,VALUE_ROTATION,7,5,-5,10,1,-25.1977,-25.1977,-25.1977,-25.1977,0.0000,0.0000,0.0000,0.0000,25.0000,3.8999,0.3900,-28.8250,MEDIUM
in_progress,VALUE_ROTATION,7,5,-5,15,1,-25.1977,-25.1977,-25.1977,-25.1977,0.0000,0.0000,0.0000,0.0000,25.0000,3.8999,0.3900,-28.8250,MEDIUM
in_progress,VALUE_ROTATION,7,5,-10,7,1,-25.1977,-25.1977,-25.1977,-25.1977,0.0000,0.0000,0.0000,0.0000,25.0000,3.8999,0.3900,-28.8250,MEDIUM
in_progress,VALUE_ROTATION,7,5,-10,10,1,-25.1977,-25.1977,-25.1977,-25.1977,0.0000,0.0000,0.0000,0.0000,25.0000,3.8999,0.3900,-28.8250,MEDIUM
in_progress,VALUE_ROTATION,7,5,-10,15,1,-25.1977,-25.1977,-25.1977,-25.1977,0.0000,0.0000,0.0000,0.0000,25.0000,3.8999,0.3900,-28.8250,MEDIUM
in_progress,MOMENTUM,3,1,-5,7,1,-36.4500,-36.4500,-36.4500,-36.4500,0.0000,0.0000,0.0000,0.0000,11.0000,18.6944,1.8694,-40.0773,LOW
in_progress,MOMENTUM,3,1,-5,10,1,-36.4500,-36.4500,-36.4500,-36.4500,0.0000,0.0000,0.0000,0.0000,11.0000,18.6944,1.8694,-40.0773,LOW
in_progress,MOMENTUM,3,1,-5,15,1,-36.4500,-36.4500,-36.4500,-36.4500,0.0000,0.0000,0.0000,0.0000,11.0000,18.6944,1.8694,-40.0773,LOW
in_progress,MOMENTUM,3,1,-10,7,1,-36.4500,-36.4500,-36.4500,-36.4500,0.0000,0.0000,0.0000,0.0000,11.0000,18.6944,1.8694,-40.0773,LOW
in_progress,MOMENTUM,3,1,-10,10,1,-36.4500,-36.4500,-36.4500,-36.4500,0.0000,0.0000,0.0000,0.0000,11.0000,18.6944,1.8694,-40.0773,LOW
in_progress,MOMENTUM,3,1,-10,15,1,-36.4500,-36.4500,-36.4500,-36.4500,0.0000,0.0000,0.0000,0.0000,11.0000,18.6944,1.8694,-40.0773,LOW
in_progress,MOMENTUM,3,3,-5,7,1,-71.3750,-71.3750,-71.3750,-71.3750,0.0000,0.0000,0.0000,0.0000,33.0000,21.8838,2.1884,-75.0023,MEDIUM
in_progress,MOMENTUM,3,3,-5,10,1,-71.3750,-71.3750,-71.3750,-71.3750,0.0000,0.0000,0.0000,0.0000,33.0000,21.8838,2.1884,-75.0023,MEDIUM
in_progress,MOMENTUM,3,3,-5,15,1,-71.3750,-71.3750,-71.3750,-71.3750,0.0000,0.0000,0.0000,0.0000,33.0000,21.8838,2.1884,-75.0023,MEDIUM
in_progress,MOMENTUM,3,3,-10,7,1,-71.3750,-71.3750,-71.3750,-71.3750,0.0000,0.0000,0.0000,0.0000,33.0000,21.8838,2.1884,-75.0023,MEDIUM
in_progress,MOMENTUM,3,3,-10,10,1,-71.3750,-71.3750,-71.3750,-71.3750,0.0000,0.0000,0.0000,0.0000,33.0000,21.8838,2.1884,-75.0023,MEDIUM
in_progress,MOMENTUM,3,3,-10,15,1,-71.3750,-71.3750,-71.3750,-71.3750,0.0000,0.0000,0.0000,0.0000,33.0000,21.8838,2.1884,-75.0023,MEDIUM
in_progress,MOMENTUM,3,5,-5,7,1,-88.6080,-88.6080,-88.6080,-88.6080,0.0000,0.0000,0.0000,0.0000,55.0000,25.1592,2.5159,-92.2353,HIGH
in_progress,MOMENTUM,3,5,-5,10,1,-88.6080,-88.6080,-88.6080,-88.6080,0.0000,0.0000,0.0000,0.0000,55.0000,25.1592,2.5159,-92.2353,HIGH
in_progress,MOMENTUM,3,5,-5,15,1,-88.6080,-88.6080,-88.6080,-88.6080,0.0000,0.0000,0.0000,0.0000,55.0000,25.1592,2.5159,-92.2353,HIGH
in_progress,MOMENTUM,3,5,-10,7,1,-88.6080,-88.6080,-88.6080,-88.6080,0.0000,0.0000,0.0000,0.0000,55.0000,25.1592,2.5159,-92.2353,HIGH
in_progress,MOMENTUM,3,5,-10,10,1,-88.6080,-88.6080,-88.6080,-88.6080,0.0000,0.0000,0.0000,0.0000,55.0000,25.1592,2.5159,-92.2353,HIGH
in_progress,MOMENTUM,3,5,-10,15,1,-88.6080,-88.6080,-88.6080,-88.6080,0.0000,0.0000,0.0000,0.0000,55.0000,25.1592,2.5159,-92.2353,HIGH
in_progress,MOMENTUM,5,1,-5,7,1,-31.0036,-31.0036,-31.0036,-31.0036,0.0000,0.0000,0.0000,0.0000,7.0000,17.8524,1.7852,-34.6309,LOW
in_progress,MOMENTUM,5,1,-5,10,1,-31.0036,-31.0036,-31.0036,-31.0036,0.0000,0.0000,0.0000,0.0000,7.0000,17.8524,1.7852,-34.6309,LOW
in_progress,MOMENTUM,5,1,-5,15,1,-31.0036,-31.0036,-31.0036,-31.0036,0.0000,0.0000,0.0000,0.0000,7.0000,17.8524,1.7852,-34.6309,LOW
in_progress,MOMENTUM,5,1,-10,7,1,-31.0036,-31.0036,-31.0036,-31.0036,0.0000,0.0000,0.0000,0.0000,7.0000,17.8524,1.7852,-34.6309,LOW
in_progress,MOMENTUM,5,1,-10,10,1,-31.0036,-31.0036,-31.0036,-31.0036,0.0000,0.0000,0.0000,0.0000,7.0000,17.8524,1.7852,-34.6309,LOW
in_progress,MOMENTUM,5,1,-10,15,1,-31.0036,-31.0036,-31.0036,-31.0036,0.0000,0.0000,0.0000,0.0000,7.0000,17.8524,1.7852,-34.6309,LOW
in_progress,MOMENTUM,5,3,-5,7,1,-53.8927,-53.8927,-53.8927,-53.8927,0.0000,0.0000,0.0000,0.0000,21.0000,19.6282,1.9628,-57.5200,MEDIUM
in_progress,MOMENTUM,5,3,-5,10,1,-53.8927,-53.8927,-53.8927,-53.8927,0.0000,0.0000,0.0000,0.0000,21.0000,19.6282,1.9628,-57.5200,MEDIUM
in_progress,MOMENTUM,5,3,-5,15,1,-53.8927,-53.8927,-53.8927,-53.8927,0.0000,0.0000,0.0000,0.0000,21.0000,19.6282,1.9628,-57.5200,MEDIUM
in_progress,MOMENTUM,5,3,-10,7,1,-53.8927,-53.8927,-53.8927,-53.8927,0.0000,0.0000,0.0000,0.0000,21.0000,19.6282,1.9628,-57.5200,MEDIUM
in_progress,MOMENTUM,5,3,-10,10,1,-53.8927,-53.8927,-53.8927,-53.8927,0.0000,0.0000,0.0000,0.0000,21.0000,19.6282,1.9628,-57.5200,MEDIUM
in_progress,MOMENTUM,5,3,-10,15,1,-53.8927,-53.8927,-53.8927,-53.8927,0.0000,0.0000,0.0000,0.0000,21.0000,19.6282,1.9628,-57.5200,MEDIUM
in_progress,MOMENTUM,5,5,-5,7,1,-82.3097,-82.3097,-82.3097,-82.3097,0.0000,0.0000,0.0000,0.0000,35.0000,22.8069,2.2807,-85.9370,MEDIUM
in_progress,MOMENTUM,5,5,-5,10,1,-82.3097,-82.3097,-82.3097,-82.3097,0.0000,0.0000,0.0000,0.0000,35.0000,22.8069,2.2807,-85.9370,MEDIUM
in_progress,MOMENTUM,5,5,-5,15,1,-82.3097,-82.3097,-82.3097,-82.3097,0.0000,0.0000,0.0000,0.0000,35.0000,22.8069,2.2807,-85.9370,MEDIUM
in_progress,MOMENTUM,5,5,-10,7,1,-82.3097,-82.3097,-82.3097,-82.3097,0.0000,0.0000,0.0000,0.0000,35.0000,22.8069,2.2807,-85.9370,MEDIUM
in_progress,MOMENTUM,5,5,-10,10,1,-82.3097,-82.3097,-82.3097,-82.3097,0.0000,0.0000,0.0000,0.0000,35.0000,22.8069,2.2807,-85.9370,MEDIUM
in_progress,MOMENTUM,5,5,-10,15,1,-82.3097,-82.3097,-82.3097,-82.3097,0.0000,0.0000,0.0000,0.0000,35.0000,22.8069,2.2807,-85.9370,MEDIUM
in_progress,MOMENTUM,7,1,-5,7,1,-27.5586,-27.5586,-27.5586,-27.5586,0.0000,0.0000,0.0000,0.0000,5.0000,17.7394,1.7739,-31.1859,LOW
in_progress,MOMENTUM,7,1,-5,10,1,-27.5586,-27.5586,-27.5586,-27.5586,0.0000,0.0000,0.0000,0.0000,5.0000,17.7394,1.7739,-31.1859,LOW
in_progress,MOMENTUM,7,1,-5,15,1,-27.5586,-27.5586,-27.5586,-27.5586,0.0000,0.0000,0.0000,0.0000,5.0000,17.7394,1.7739,-31.1859,LOW
in_progress,MOMENTUM,7,1,-10,7,1,-27.5586,-27.5586,-27.5586,-27.5586,0.0000,0.0000,0.0000,0.0000,5.0000,17.7394,1.7739,-31.1859,LOW
in_progress,MOMENTUM,7,1,-10,10,1,-27.5586,-27.5586,-27.5586,-27.5586,0.0000,0.0000,0.0000,0.0000,5.0000,17.7394,1.7739,-31.1859,LOW
in_progress,MOMENTUM,7,1,-10,15,1,-27.5586,-27.5586,-27.5586,-27.5586,0.0000,0.0000,0.0000,0.0000,5.0000,17.7394,1.7739,-31.1859,LOW
in_progress,MOMENTUM,7,3,-5,7,1,-44.8836,-44.8836,-44.8836,-44.8836,0.0000,0.0000,0.0000,0.0000,15.0000,18.8968,1.8897,-48.5109,LOW
in_progress,MOMENTUM,7,3,-5,10,1,-44.8836,-44.8836,-44.8836,-44.8836,0.0000,0.0000,0.0000,0.0000,15.0000,18.8968,1.8897,-48.5109,LOW
in_progress,MOMENTUM,7,3,-5,15,1,-44.8836,-44.8836,-44.8836,-44.8836,0.0000,0.0000,0.0000,0.0000,15.0000,18.8968,1.8897,-48.5109,LOW
in_progress,MOMENTUM,7,3,-10,7,1,-44.8836,-44.8836,-44.8836,-44.8836,0.0000,0.0000,0.0000,0.0000,15.0000,18.8968,1.8897,-48.5109,LOW
in_progress,MOMENTUM,7,3,-10,10,1,-44.8836,-44.8836,-44.8836,-44.8836,0.0000,0.0000,0.0000,0.0000,15.0000,18.8968,1.8897,-48.5109,LOW
in_progress,MOMENTUM,7,3,-10,15,1,-44.8836,-44.8836,-44.8836,-44.8836,0.0000,0.0000,0.0000,0.0000,15.0000,18.8968,1.8897,-48.5109,LOW
in_progress,MOMENTUM,7,5,-5,7,1,-71.9574,-71.9574,-71.9574,-71.9574,0.0000,0.0000,0.0000,0.0000,25.0000,20.5991,2.0599,-75.5847,MEDIUM
in_progress,MOMENTUM,7,5,-5,10,1,-71.9574,-71.9574,-71.9574,-71.9574,0.0000,0.0000,0.0000,0.0000,25.0000,20.5991,2.0599,-75.5847,MEDIUM
in_progress,MOMENTUM,7,5,-5,15,1,-71.9574,-71.9574,-71.9574,-71.9574,0.0000,0.0000,0.0000,0.0000,25.0000,20.5991,2.0599,-75.5847,MEDIUM
in_progress,MOMENTUM,7,5,-10,7,1,-71.9574,-71.9574,-71.9574,-71.9574,0.0000,0.0000,0.0000,0.0000,25.0000,20.5991,2.0599,-75.5847,MEDIUM
in_progress,MOMENTUM,7,5,-10,10,1,-71.9574,-71.9574,-71.9574,-71.9574,0.0000,0.0000,0.0000,0.0000,25.0000,20.5991,2.0599,-75.5847,MEDIUM
in_progress,MOMENTUM,7,5,-10,15,1,-71.9574,-71.9574,-71.9574,-71.9574,0.0000,0.0000,0.0000,0.0000,25.0000,20.5991,2.0599,-75.5847,MEDIUM
in_progress,STOP_LOSS,3,1,-5,7,1,3.6273,3.6273,3.6273,3.6273,0.0000,100.0000,0.0000,0.0000,0.0000,0.8679,0.0868,0.0000,LOW
in_progress,STOP_LOSS,3,1,-5,10,1,3.6273,3.6273,3.6273,3.6273,0.0000,100.0000,0.0000,0.0000,0.0000,0.8679,0.0868,0.0000,LOW
in_progress,STOP_LOSS,3,1,-5,15,1,3.6273,3.6273,3.6273,3.6273,0.0000,100.0000,0.0000,0.0000,0.0000,0.8679,0.0868,0.0000,LOW
in_progress,STOP_LOSS,3,1,-10,7,1,3.6273,3.6273,3.6273,3.6273,0.0000,100.0000,0.0000,0.0000,0.0000,0.8679,0.0868,0.0000,LOW
in_progress,STOP_LOSS,3,1,-10,10,1,3.6273,3.6273,3.6273,3.6273,0.0000,100.0000,0.0000,0.0000,0.0000,0.8679,0.0868,0.0000,LOW
in_progress,STOP_LOSS,3,1,-10,15,1,3.6273,3.6273,3.6273,3.6273,0.0000,100.0000,0.0000,0.0000,0.0000,0.8679,0.0868,0.0000,LOW
in_progress,STOP_LOSS,3,3,-5,7,1,3.6273,3.6273,3.6273,3.6273,0.0000,100.0000,0.0000,0.0000,0.0000,0.8679,0.0868,0.0000,LOW
in_progress,STOP_LOSS,3,3,-5,10,1,3.6273,3.6273,3.6273,3.6273,0.0000,100.0000,0.0000,0.0000,0.0000,0.8679,0.0868,0.0000,LOW
in_progress,STOP_LOSS,3,3,-5,15,1,3.6273,3.6273,3.6273,3.6273,0.0000,100.0000,0.0000,0.0000,0.0000,0.8679,0.0868,0.0000,LOW
in_progress,STOP_LOSS,3,3,-10,7,1,3.6273,3.6273,3.6273,3.6273,0.0000,100.0000,0.0000,0.0000,0.0000,0.8679,0.0868,0.0000,LOW
in_progress,STOP_LOSS,3,3,-10,10,1,3.6273,3.6273,3.6273,3.6273,0.0000,100.0000,0.0000,0.0000,0.0000,0.8679,0.0868,0.0000,LOW
in_progress,STOP_LOSS,3,3,-10,15,1,3.6273,3.6273,3.6273,3.6273,0.0000,100.0000,0.0000,0.0000,0.0000,0.8679,0.0868,0.0000,LOW
in_progress,STOP_LOSS,3,5,-5,7,1,3.6273,3.6273,3.6273,3.6273,0.0000,100.0000,0.0000,0.0000,0.0000,0.8679,0.0868,0.0000,LOW
in_progress,STOP_LOSS,3,5,-5,10,1,3.6273,3.6273,3.6273,3.6273,0.0000,100.0000,0.0000,0.0000,0.0000,0.8679,0.0868,0.0000,LOW
in_progress,STOP_LOSS,3,5,-5,15,1,3.6273,3.6273,3.6273,3.6273,0.0000,100.0000,0.0000,0.0000,0.0000,0.8679,0.0868,0.0000,LOW
in_progress,STOP_LOSS,3,5,-10,7,1,3.6273,3.6273,3.6273,3.6273,0.0000,100.0000,0.0000,0.0000,0.0000,0.8679,0.0868,0.0000,LOW
in_progress,STOP_LOSS,3,5,-10,10,1,3.6273,3.6273,3.6273,3.6273,0.0000,100.0000,0.0000,0.0000,0.0000,0.8679,0.0868,0.0000,LOW
in_progress,STOP_LOSS,3,5,-10,15,1,3.6273,3.6273,3.6273,3.6273,0.0000,100.0000,0.0000,0.0000,0.0000,0.8679,0.0868,0.0000,LOW
in_progress,STOP_LOSS,5,1,-5,7,1,3.6273,3.6273,3.6273,3.6273,0.0000,100.0000,0.0000,0.0000,0.0000,0.8679,0.0868,0.0000,LOW
in_progress,STOP_LOSS,5,1,-5,10,1,3.6273,3.6273,3.6273,3.6273,0.0000,100.0000,0.0000,0.0000,0.0000,0.8679,0.0868,0.0000,LOW
in_progress,STOP_LOSS,5,1,-5,15,1,3.6273,3.6273,3.6273,3.6273,0.0000,100.0000,0.0000,0.0000,0.0000,0.8679,0.0868,0.0000,LOW
in_progress,STOP_LOSS,5,1,-10,7,1,3.6273,3.6273,3.6273,3.6273,0.0000,100.0000,0.0000,0.0000,0.0000,0.8679,0.0868,0.0000,LOW
in_progress,STOP_LOSS,5,1,-10,10,1,3.6273,3.6273,3.6273,3.6273,0.0000,100.0000,0.0000,0.0000,0.0000,0.8679,0.0868,0.0000,LOW
in_progress,STOP_LOSS,5,1,-10,15,1,3.6273,3.6273,3.6273,3.6273,0.0000,100.0000,0.0000,0.0000,0.0000,0.8679,0.0868,0.0000,LOW
in_progress,STOP_LOSS,5,3,-5,7,1,3.6273,3.6273,3.6273,3.6273,0.0000,100.0000,0.0000,0.0000,0.0000,0.8679,0.0868,0.0000,LOW
in_progress,STOP_LOSS,5,3,-5,10,1,3.6273,3.6273,3.6273,3.6273,0.0000,100.0000,0.0000,0.0000,0.0000,0.8679,0.0868,0.0000,LOW
in_progress,STOP_LOSS,5,3,-5,15,1,3.6273,3.6273,3.6273,3.6273,0.0000,100.0000,0.0000,0.0000,0.0000,0.8679,0.0868,0.0000,LOW
in_progress,STOP_LOSS,5,3,-10,7,1,3.6273,3.6273,3.6273,3.6273,0.0000,100.0000,0.0000,0.0000,0.0000,0.8679,0.0868,0.0000,LOW
in_progress,STOP_LOSS,5,3,-10,10,1,3.6273,3.6273,3.6273,3.6273,0.0000,100.0000,0.0000,0.0000,0.0000,0.8679,0.0868,0.0000,LOW
in_progress,STOP_LOSS,5,3,-10,15,1,3.6273,3.6273,3.6273,3.6273,0.0000,100.0000,0.0000,0.0000,0.0000,0.8679,0.0868,0.0000,LOW
in_progress,STOP_LOSS,5,5,-5,7,1,3.6273,3.6273,3.6273,3.6273,0.0000,100.0000,0.0000,0.0000,0.0000,0.8679,0.0868,0.0000,LOW
in_progress,STOP_LOSS,5,5,-5,10,1,3.6273,3.6273,3.6273,3.6273,0.0000,100.0000,0.0000,0.0000,0.0000,0.8679,0.0868,0.0000,LOW
in_progress,STOP_LOSS,5,5,-5,15,1,3.6273,3.6273,3.6273,3.6273,0.0000,100.0000,0.0000,0.0000,0.0000,0.8679,0.0868,0.0000,LOW
in_progress,STOP_LOSS,5,5,-10,7,1,3.6273,3.6273,3.6273,3.6273,0.0000,100.0000,0.0000,0.0000,0.0000,0.8679,0.0868,0.0000,LOW
in_progress,STOP_LOSS,5,5,-10,10,1,3.6273,3.6273,3.6273,3.6273,0.0000,100.0000,0.0000,0.0000,0.0000,0.8679,0.0868,0.0000,LOW
in_progress,STOP_LOSS,5,5,-10,15,1,3.6273,3.6273,3.6273,3.6273,0.0000,100.0000,0.0000,0.0000,0.0000,0.8679,0.0868,0.0000,LOW
in_progress,STOP_LOSS,7,1,-5,7,1,3.6273,3.6273,3.6273,3.6273,0.0000,100.0000,0.0000,0.0000,0.0000,0.8679,0.0868,0.0000,LOW
in_progress,STOP_LOSS,7,1,-5,10,1,3.6273,3.6273,3.6273,3.6273,0.0000,100.0000,0.0000,0.0000,0.0000,0.8679,0.0868,0.0000,LOW
in_progress,STOP_LOSS,7,1,-5,15,1,3.6273,3.6273,3.6273,3.6273,0.0000,100.0000,0.0000,0.0000,0.0000,0.8679,0.0868,0.0000,LOW
in_progress,STOP_LOSS,7,1,-10,7,1,3.6273,3.6273,3.6273,3.6273,0.0000,100.0000,0.0000,0.0000,0.0000,0.8679,0.0868,0.0000,LOW
in_progress,STOP_LOSS,7,1,-10,10,1,3.6273,3.6273,3.6273,3.6273,0.0000,100.0000,0.0000,0.0000,0.0000,0.8679,0.0868,0.0000,LOW
in_progress,STOP_LOSS,7,1,-10,15,1,3.6273,3.6273,3.6273,3.6273,0.0000,100.0000,0.0000,0.0000,0.0000,0.8679,0.0868,0.0000,LOW
in_progress,STOP_LOSS,7,3,-5,7,1,3.6273,3.6273,3.6273,3.6273,0.0000,100.0000,0.0000,0.0000,0.0000,0.8679,0.0868,0.0000,LOW
in_progress,STOP_LOSS,7,3,-5,10,1,3.6273,3.6273,3.6273,3.6273,0.0000,100.0000,0.0000,0.0000,0.0000,0.8679,0.0868,0.0000,LOW
in_progress,STOP_LOSS,7,3,-5,15,1,3.6273,3.6273,3.6273,3.6273,0.0000,100.0000,0.0000,0.0000,0.0000,0.8679,0.0868,0.0000,LOW
in_progress,STOP_LOSS,7,3,-10,7,1,3.6273,3.6273,3.6273,3.6273,0.0000,100.0000,0.0000,0.0000,0.0000,0.8679,0.0868,0.0000,LOW
in_progress,STOP_LOSS,7,3,-10,10,1,3.6273,3.6273,3.6273,3.6273,0.0000,100.0000,0.0000,0.0000,0.0000,0.8679,0.0868,0.0000,LOW
in_progress,STOP_LOSS,7,3,-10,15,1,3.6273,3.6273,3.6273,3.6273,0.0000,100.0000,0.0000,0.0000,0.0000,0.8679,0.0868,0.0000,LOW
in_progress,STOP_LOSS,7,5,-5,7,1,3.6273,3.6273,3.6273,3.6273,0.0000,100.0000,0.0000,0.0000,0.0000,0.8679,0.0868,0.0000,LOW
in_progress,STOP_LOSS,7,5,-5,10,1,3.6273,3.6273,3.6273,3.6273,0.0000,100.0000,0.0000,0.0000,0.0000,0.8679,0.0868,0.0000,LOW
in_progress,STOP_LOSS,7,5,-5,15,1,3.6273,3.6273,3.6273,3.6273,0.0000,100.0000,0.0000,0.0000,0.0000,0.8679,0.0868,0.0000,LOW
in_progress,STOP_LOSS,7,5,-10,7,1,3.6273,3.6273,3.6273,3.6273,0.0000,100.0000,0.0000,0.0000,0.0000,0.8679,0.0868,0.0000,LOW
in_progress,STOP_LOSS,7,5,-10,10,1,3.6273,3.6273,3.6273,3.6273,0.0000,100.0000,0.0000,0.0000,0.0000,0.8679,0.0868,0.0000,LOW
in_progress,STOP_LOSS,7,5,-10,15,1,3.6273,3.6273,3.6273,3.6273,0.0000,100.0000,0.0000,0.0000,0.0000,0.8679,0.0868,0.0000,LOW
in_progress,TAKE_PROFIT,3,1,-5,7,1,-44.8788,-44.8788,-44.8788,-44.8788,0.0000,0.0000,0.0000,0.0000,10.0000,17.8041,1.7804,-48.5061,LOW
in_progress,TAKE_PROFIT,3,1,-5,10,1,-40.5761,-40.5761,-40.5761,-40.5761,0.0000,0.0000,0.0000,0.0000,10.0000,18.0987,1.8099,-44.2034,LOW
in_progress,TAKE_PROFIT,3,1,-5,15,1,-28.4517,-28.4517,-28.4517,-28.4517,0.0000,0.0000,0.0000,0.0000,2.0000,16.9465,1.6947,-32.0790,LOW
in_progress,TAKE_PROFIT,3,1,-10,7,1,-44.8788,-44.8788,-44.8788,-44.8788,0.0000,0.0000,0.0000,0.0000,10.0000,17.8041,1.7804,-48.5061,LOW
in_progress,TAKE_PROFIT,3,1,-10,10,1,-40.5761,-40.5761,-40.5761,-40.5761,0.0000,0.0000,0.0000,0.0000,10.0000,18.0987,1.8099,-44.2034,LOW
in_progress,TAKE_PROFIT,3,1,-10,15,1,-28.4517,-28.4517,-28.4517,-28.4517,0.0000,0.0000,0.0000,0.0000,2.0000,16.9465,1.6947,-32.0790,LOW
in_progress,TAKE_PROFIT,3,3,-5,7,1,-46.0662,-46.0662,-46.0662,-46.0662,0.0000,0.0000,0.0000,0.0000,18.0000,18.8706,1.8871,-49.6935,MEDIUM
in_progress,TAKE_PROFIT,3,3,-5,10,1,-41.1352,-41.1352,-41.1352,-41.1352,0.0000,0.0000,0.0000,0.0000,15.0000,18.4693,1.8469,-44.7625,LOW
in_progress,TAKE_PROFIT,3,3,-5,15,1,-28.4517,-28.4517,-28.4517,-28.4517,0.0000,0.0000,0.0000,0.0000,2.0000,16.9465,1.6947,-32.0790,LOW
in_progress,TAKE_PROFIT,3,3,-10,7,1,-46.0662,-46.0662,-46.0662,-46.0662,0.0000,0.0000,0.0000,0.0000,18.0000,18.8706,1.8871,-49.6935,MEDIUM
in_progress,TAKE_PROFIT,3,3,-10,10,1,-41.1352,-41.1352,-41.1352,-41.1352,0.0000,0.0000,0.0000,0.0000,15.0000,18.4693,1.8469,-44.7625,LOW
in_progress,TAKE_PROFIT,3,3,-10,15,1,-28.4517,-28.4517,-28.4517,-28.4517,0.0000,0.0000,0.0000,0.0000,2.0000,16.9465,1.6947,-32.0790,LOW
in_progress,TAKE_PROFIT,3,5,-5,7,1,-46.0662,-46.0662,-46.0662,-46.0662,0.0000,0.0000,0.0000,0.0000,18.0000,18.8706,1.8871,-49.6935,MEDIUM
in_progress,TAKE_PROFIT,3,5,-5,10,1,-41.1352,-41.1352,-41.1352,-41.1352,0.0000,0.0000,0.0000,0.0000,15.0000,18.4693,1.8469,-44.7625,LOW
in_progress,TAKE_PROFIT,3,5,-5,15,1,-28.4517,-28.4517,-28.4517,-28.4517,0.0000,0.0000,0.0000,0.0000,2.0000,16.9465,1.6947,-32.0790,LOW
in_progress,TAKE_PROFIT,3,5,-10,7,1,-46.0662,-46.0662,-46.0662,-46.0662,0.0000,0.0000,0.0000,0.0000,18.0000,18.8706,1.8871,-49.6935,MEDIUM
in_progress,TAKE_PROFIT,3,5,-10,10,1,-41.1352,-41.1352,-41.1352,-41.1352,0.0000,0.0000,0.0000,0.0000,15.0000,18.4693,1.8469,-44.7625,LOW
in_progress,TAKE_PROFIT,3,5,-10,15,1,-28.4517,-28.4517,-28.4517,-28.4517,0.0000,0.0000,0.0000,0.0000,2.0000,16.9465,1.6947,-32.0790,LOW
in_progress,TAKE_PROFIT,5,1,-5,7,1,-40.7431,-40.7431,-40.7431,-40.7431,0.0000,0.0000,0.0000,0.0000,7.0000,17.5043,1.7504,-44.3704,LOW
in_progress,TAKE_PROFIT,5,1,-5,10,1,-39.4440,-39.4440,-39.4440,-39.4440,0.0000,0.0000,0.0000,0.0000,6.0000,17.4440,1.7444,-43.0713,LOW
in_progress,TAKE_PROFIT,5,1,-5,15,1,-28.2360,-28.2360,-28.2360,-28.2360,0.0000,0.0000,0.0000,0.0000,2.0000,16.9350,1.6935,-31.8633,LOW
in_progress,TAKE_PROFIT,5,1,-10,7,1,-40.7431,-40.7431,-40.7431,-40.7431,0.0000,0.0000,0.0000,0.0000,7.0000,17.5043,1.7504,-44.3704,LOW
in_progress,TAKE_PROFIT,5,1,-10,10,1,-39.4440,-39.4440,-39.4440,-39.4440,0.0000,0.0000,0.0000,0.0000,6.0000,17.4440,1.7444,-43.0713,LOW
in_progress,TAKE_PROFIT,5,1,-10,15,1,-28.2360,-28.2360,-28.2360,-28.2360,0.0000,0.0000,0.0000,0.0000,2.0000,16.9350,1.6935,-31.8633,LOW
in_progress,TAKE_PROFIT,5,3,-5,7,1,-49.1462,-49.1462,-49.1462,-49.1462,0.0000,0.0000,0.0000,0.0000,14.0000,18.2534,1.8253,-52.7735,LOW
in_progress,TAKE_PROFIT,5,3,-5,10,1,-39.1509,-39.1509,-39.1509,-39.1509,0.0000,0.0000,0.0000,0.0000,6.0000,17.4089,1.7409,-42.7781,LOW
in_progress,TAKE_PROFIT,5,3,-5,15,1,-28.2360,-28.2360,-28.2360,-28.2360,0.0000,0.0000,0.0000,0.0000,2.0000,16.9350,1.6935,-31.8633,LOW
in_progress,TAKE_PROFIT,5,3,-10,7,1,-49.1462,-49.1462,-49.1462,-49.1462,0.0000,0.0000,0.0000,0.0000,14.0000,18.2534,1.8253,-52.7735,LOW
in_progress,TAKE_PROFIT,5,3,-10,10,1,-39.1509,-39.1509,-39.1509,-39.1509,0.0000,0.0000,0.0000,0.0000,6.0000,17.4089,1.7409,-42.7781,LOW
in_progress,TAKE_PROFIT,5,3,-10,15,1,-28.2360,-28.2360,-28.2360,-28.2360,0.0000,0.0000,0.0000,0.0000,2.0000,16.9350,1.6935,-31.8633,LOW
in_progress,TAKE_PROFIT,5,5,-5,7,1,-49.1462,-49.1462,-49.1462,-49.1462,0.0000,0.0000,0.0000,0.0000,14.0000,18.2534,1.8253,-52.7735,LOW
in_progress,TAKE_PROFIT,5,5,-5,10,1,-39.1509,-39.1509,-39.1509,-39.1509,0.0000,0.0000,0.0000,0.0000,6.0000,17.4089,1.7409,-42.7781,LOW
in_progress,TAKE_PROFIT,5,5,-5,15,1,-28.2360,-28.2360,-28.2360,-28.2360,0.0000,0.0000,0.0000,0.0000,2.0000,16.9350,1.6935,-31.8633,LOW
in_progress,TAKE_PROFIT,5,5,-10,7,1,-49.1462,-49.1462,-49.1462,-49.1462,0.0000,0.0000,0.0000,0.0000,14.0000,18.2534,1.8253,-52.7735,LOW
in_progress,TAKE_PROFIT,5,5,-10,10,1,-39.1509,-39.1509,-39.1509,-39.1509,0.0000,0.0000,0.0000,0.0000,6.0000,17.4089,1.7409,-42.7781,LOW
in_progress,TAKE_PROFIT,5,5,-10,15,1,-28.2360,-28.2360,-28.2360,-28.2360,0.0000,0.0000,0.0000,0.0000,2.0000,16.9350,1.6935,-31.8633,LOW
in_progress,TAKE_PROFIT,7,1,-5,7,1,-40.5034,-40.5034,-40.5034,-40.5034,0.0000,0.0000,0.0000,0.0000,5.0000,17.5298,1.7530,-44.1307,LOW
in_progress,TAKE_PROFIT,7,1,-5,10,1,-31.7250,-31.7250,-31.7250,-31.7250,0.0000,0.0000,0.0000,0.0000,5.0000,17.6565,1.7657,-35.3523,LOW
in_progress,TAKE_PROFIT,7,1,-5,15,1,-28.8792,-28.8792,-28.8792,-28.8792,0.0000,0.0000,0.0000,0.0000,4.0000,17.2716,1.7272,-32.5065,LOW
in_progress,TAKE_PROFIT,7,1,-10,7,1,-40.5034,-40.5034,-40.5034,-40.5034,0.0000,0.0000,0.0000,0.0000,5.0000,17.5298,1.7530,-44.1307,LOW
in_progress,TAKE_PROFIT,7,1,-10,10,1,-31.7250,-31.7250,-31.7250,-31.7250,0.0000,0.0000,0.0000,0.0000,5.0000,17.6565,1.7657,-35.3523,LOW
in_progress,TAKE_PROFIT,7,1,-10,15,1,-28.8792,-28.8792,-28.8792,-28.8792,0.0000,0.0000,0.0000,0.0000,4.0000,17.2716,1.7272,-32.5065,LOW
in_progress,TAKE_PROFIT,7,3,-5,7,1,-42.0139,-42.0139,-42.0139,-42.0139,0.0000,0.0000,0.0000,0.0000,13.0000,18.4349,1.8435,-45.6412,LOW
in_progress,TAKE_PROFIT,7,3,-5,10,1,-32.0595,-32.0595,-32.0595,-32.0595,0.0000,0.0000,0.0000,0.0000,6.0000,17.7519,1.7752,-35.6868,LOW
in_progress,TAKE_PROFIT,7,3,-5,15,1,-28.8792,-28.8792,-28.8792,-28.8792,0.0000,0.0000,0.0000,0.0000,4.0000,17.2716,1.7272,-32.5065,LOW
in_progress,TAKE_PROFIT,7,3,-10,7,1,-42.0139,-42.0139,-42.0139,-42.0139,0.0000,0.0000,0.0000,0.0000,13.0000,18.4349,1.8435,-45.6412,LOW
in_progress,TAKE_PROFIT,7,3,-10,10,1,-32.0595,-32.0595,-32.0595,-32.0595,0.0000,0.0000,0.0000,0.0000,6.0000,17.7519,1.7752,-35.6868,LOW
in_progress,TAKE_PROFIT,7,3,-10,15,1,-28.8792,-28.8792,-28.8792,-28.8792,0.0000,0.0000,0.0000,0.0000,4.0000,17.2716,1.7272,-32.5065,LOW
in_progress,TAKE_PROFIT,7,5,-5,7,1,-42.0139,-42.0139,-42.0139,-42.0139,0.0000,0.0000,0.0000,0.0000,13.0000,18.4349,1.8435,-45.6412,LOW
in_progress,TAKE_PROFIT,7,5,-5,10,1,-32.0595,-32.0595,-32.0595,-32.0595,0.0000,0.0000,0.0000,0.0000,6.0000,17.7519,1.7752,-35.6868,LOW
in_progress,TAKE_PROFIT,7,5,-5,15,1,-28.8792,-28.8792,-28.8792,-28.8792,0.0000,0.0000,0.0000,0.0000,4.0000,17.2716,1.7272,-32.5065,LOW
in_progress,TAKE_PROFIT,7,5,-10,7,1,-42.0139,-42.0139,-42.0139,-42.0139,0.0000,0.0000,0.0000,0.0000,13.0000,18.4349,1.8435,-45.6412,LOW
in_progress,TAKE_PROFIT,7,5,-10,10,1,-32.0595,-32.0595,-32.0595,-32.0595,0.0000,0.0000,0.0000,0.0000,6.0000,17.7519,1.7752,-35.6868,LOW
in_progress,TAKE_PROFIT,7,5,-10,15,1,-28.8792,-28.8792,-28.8792,-28.8792,0.0000,0.0000,0.0000,0.0000,4.0000,17.2716,1.7272,-32.5065,LOW
in_progress,HYBRID_VALUE_MOMENTUM,3,1,-5,7,1,-17.9952,-17.9952,-17.9952,-17.9952,0.0000,0.0000,0.0000,0.0000,6.0000,1.4865,0.1487,-21.6225,LOW
in_progress,HYBRID_VALUE_MOMENTUM,3,1,-5,10,1,-17.9952,-17.9952,-17.9952,-17.9952,0.0000,0.0000,0.0000,0.0000,6.0000,1.4865,0.1487,-21.6225,LOW
in_progress,HYBRID_VALUE_MOMENTUM,3,1,-5,15,1,-17.9952,-17.9952,-17.9952,-17.9952,0.0000,0.0000,0.0000,0.0000,6.0000,1.4865,0.1487,-21.6225,LOW
in_progress,HYBRID_VALUE_MOMENTUM,3,1,-10,7,1,-17.9952,-17.9952,-17.9952,-17.9952,0.0000,0.0000,0.0000,0.0000,6.0000,1.4865,0.1487,-21.6225,LOW
in_progress,HYBRID_VALUE_MOMENTUM,3,1,-10,10,1,-17.9952,-17.9952,-17.9952,-17.9952,0.0000,0.0000,0.0000,0.0000,6.0000,1.4865,0.1487,-21.6225,LOW
in_progress,HYBRID_VALUE_MOMENTUM,3,1,-10,15,1,-17.9952,-17.9952,-17.9952,-17.9952,0.0000,0.0000,0.0000,0.0000,6.0000,1.4865,0.1487,-21.6225,LOW
in_progress,HYBRID_VALUE_MOMENTUM,3,3,-5,7,1,-22.3316,-22.3316,-22.3316,-22.3316,0.0000,0.0000,0.0000,0.0000,9.0000,2.2429,0.2243,-25.9589,LOW
in_progress,HYBRID_VALUE_MOMENTUM,3,3,-5,10,1,-22.3316,-22.3316,-22.3316,-22.3316,0.0000,0.0000,0.0000,0.0000,9.0000,2.2429,0.2243,-25.9589,LOW
in_progress,HYBRID_VALUE_MOMENTUM,3,3,-5,15,1,-22.3316,-22.3316,-22.3316,-22.3316,0.0000,0.0000,0.0000,0.0000,9.0000,2.2429,0.2243,-25.9589,LOW
in_progress,HYBRID_VALUE_MOMENTUM,3,3,-10,7,1,-22.3316,-22.3316,-22.3316,-22.3316,0.0000,0.0000,0.0000,0.0000,9.0000,2.2429,0.2243,-25.9589,LOW
in_progress,HYBRID_VALUE_MOMENTUM,3,3,-10,10,1,-22.3316,-22.3316,-22.3316,-22.3316,0.0000,0.0000,0.0000,0.0000,9.0000,2.2429,0.2243,-25.9589,LOW
in_progress,HYBRID_VALUE_MOMENTUM,3,3,-10,15,1,-22.3316,-22.3316,-22.3316,-22.3316,0.0000,0.0000,0.0000,0.0000,9.0000,2.2429,0.2243,-25.9589,LOW
in_progress,HYBRID_VALUE_MOMENTUM,3,5,-5,7,1,-22.3316,-22.3316,-22.3316,-22.3316,0.0000,0.0000,0.0000,0.0000,9.0000,2.2429,0.2243,-25.9589,LOW
in_progress,HYBRID_VALUE_MOMENTUM,3,5,-5,10,1,-22.3316,-22.3316,-22.3316,-22.3316,0.0000,0.0000,0.0000,0.0000,9.0000,2.2429,0.2243,-25.9589,LOW
in_progress,HYBRID_VALUE_MOMENTUM,3,5,-5,15,1,-22.3316,-22.3316,-22.3316,-22.3316,0.0000,0.0000,0.0000,0.0000,9.0000,2.2429,0.2243,-25.9589,LOW
in_progress,HYBRID_VALUE_MOMENTUM,3,5,-10,7,1,-22.3316,-22.3316,-22.3316,-22.3316,0.0000,0.0000,0.0000,0.0000,9.0000,2.2429,0.2243,-25.9589,LOW
in_progress,HYBRID_VALUE_MOMENTUM,3,5,-10,10,1,-22.3316,-22.3316,-22.3316,-22.3316,0.0000,0.0000,0.0000,0.0000,9.0000,2.2429,0.2243,-25.9589,LOW
in_progress,HYBRID_VALUE_MOMENTUM,3,5,-10,15,1,-22.3316,-22.3316,-22.3316,-22.3316,0.0000,0.0000,0.0000,0.0000,9.0000,2.2429,0.2243,-25.9589,LOW
in_progress,HYBRID_VALUE_MOMENTUM,5,1,-5,7,1,-1.0867,-1.0867,-1.0867,-1.0867,0.0000,0.0000,0.0000,0.0000,4.0000,1.2535,0.1253,-4.7140,LOW
in_progress,HYBRID_VALUE_MOMENTUM,5,1,-5,10,1,-1.0867,-1.0867,-1.0867,-1.0867,0.0000,0.0000,0.0000,0.0000,4.0000,1.2535,0.1253,-4.7140,LOW
in_progress,HYBRID_VALUE_MOMENTUM,5,1,-5,15,1,-1.0867,-1.0867,-1.0867,-1.0867,0.0000,0.0000,0.0000,0.0000,4.0000,1.2535,0.1253,-4.7140,LOW
in_progress,HYBRID_VALUE_MOMENTUM,5,1,-10,7,1,-1.0867,-1.0867,-1.0867,-1.0867,0.0000,0.0000,0.0000,0.0000,4.0000,1.2535,0.1253,-4.7140,LOW
in_progress,HYBRID_VALUE_MOMENTUM,5,1,-10,10,1,-1.0867,-1.0867,-1.0867,-1.0867,0.0000,0.0000,0.0000,0.0000,4.0000,1.2535,0.1253,-4.7140,LOW
in_progress,HYBRID_VALUE_MOMENTUM,5,1,-10,15,1,-1.0867,-1.0867,-1.0867,-1.0867,0.0000,0.0000,0.0000,0.0000,4.0000,1.2535,0.1253,-4.7140,LOW
in_progress,HYBRID_VALUE_MOMENTUM,5,3,-5,7,1,-9.3570,-9.3570,-9.3570,-9.3570,0.0000,0.0000,0.0000,0.0000,6.0000,1.6329,0.1633,-12.9843,LOW
in_progress,HYBRID_VALUE_MOMENTUM,5,3,-5,10,1,-9.3570,-9.3570,-9.3570,-9.3570,0.0000,0.0000,0.0000,0.0000,6.0000,1.6329,0.1633,-12.9843,LOW
in_progress,HYBRID_VALUE_MOMENTUM,5,3,-5,15,1,-9.3570,-9.3570,-9.3570,-9.3570,0.0000,0.0000,0.0000,0.0000,6.0000,1.6329,0.1633,-12.9843,LOW
in_progress,HYBRID_VALUE_MOMENTUM,5,3,-10,7,1,-9.3570,-9.3570,-9.3570,-9.3570,0.0000,0.0000,0.0000,0.0000,6.0000,1.6329,0.1633,-12.9843,LOW
in_progress,HYBRID_VALUE_MOMENTUM,5,3,-10,10,1,-9.3570,-9.3570,-9.3570,-9.3570,0.0000,0.0000,0.0000,0.0000,6.0000,1.6329,0.1633,-12.9843,LOW
in_progress,HYBRID_VALUE_MOMENTUM,5,3,-10,15,1,-9.3570,-9.3570,-9.3570,-9.3570,0.0000,0.0000,0.0000,0.0000,6.0000,1.6329,0.1633,-12.9843,LOW
in_progress,HYBRID_VALUE_MOMENTUM,5,5,-5,7,1,-9.3570,-9.3570,-9.3570,-9.3570,0.0000,0.0000,0.0000,0.0000,6.0000,1.6329,0.1633,-12.9843,LOW
in_progress,HYBRID_VALUE_MOMENTUM,5,5,-5,10,1,-9.3570,-9.3570,-9.3570,-9.3570,0.0000,0.0000,0.0000,0.0000,6.0000,1.6329,0.1633,-12.9843,LOW
in_progress,HYBRID_VALUE_MOMENTUM,5,5,-5,15,1,-9.3570,-9.3570,-9.3570,-9.3570,0.0000,0.0000,0.0000,0.0000,6.0000,1.6329,0.1633,-12.9843,LOW
in_progress,HYBRID_VALUE_MOMENTUM,5,5,-10,7,1,-9.3570,-9.3570,-9.3570,-9.3570,0.0000,0.0000,0.0000,0.0000,6.0000,1.6329,0.1633,-12.9843,LOW
in_progress,HYBRID_VALUE_MOMENTUM,5,5,-10,10,1,-9.3570,-9.3570,-9.3570,-9.3570,0.0000,0.0000,0.0000,0.0000,6.0000,1.6329,0.1633,-12.9843,LOW
in_progress,HYBRID_VALUE_MOMENTUM,5,5,-10,15,1,-9.3570,-9.3570,-9.3570,-9.3570,0.0000,0.0000,0.0000,0.0000,6.0000,1.6329,0.1633,-12.9843,LOW
in_progress,HYBRID_VALUE_MOMENTUM,7,1,-5,7,1,-18.2995,-18.2995,-18.2995,-18.2995,0.0000,0.0000,0.0000,0.0000,4.0000,1.1699,0.1170,-21.9268,LOW
in_progress,HYBRID_VALUE_MOMENTUM,7,1,-5,10,1,-18.2995,-18.2995,-18.2995,-18.2995,0.0000,0.0000,0.0000,0.0000,4.0000,1.1699,0.1170,-21.9268,LOW
in_progress,HYBRID_VALUE_MOMENTUM,7,1,-5,15,1,-18.2995,-18.2995,-18.2995,-18.2995,0.0000,0.0000,0.0000,0.0000,4.0000,1.1699,0.1170,-21.9268,LOW
in_progress,HYBRID_VALUE_MOMENTUM,7,1,-10,7,1,-18.2995,-18.2995,-18.2995,-18.2995,0.0000,0.0000,0.0000,0.0000,4.0000,1.1699,0.1170,-21.9268,LOW
in_progress,HYBRID_VALUE_MOMENTUM,7,1,-10,10,1,-18.2995,-18.2995,-18.2995,-18.2995,0.0000,0.0000,0.0000,0.0000,4.0000,1.1699,0.1170,-21.9268,LOW
in_progress,HYBRID_VALUE_MOMENTUM,7,1,-10,15,1,-18.2995,-18.2995,-18.2995,-18.2995,0.0000,0.0000,0.0000,0.0000,4.0000,1.1699,0.1170,-21.9268,LOW
in_progress,HYBRID_VALUE_MOMENTUM,7,3,-5,7,1,-36.9065,-36.9065,-36.9065,-36.9065,0.0000,0.0000,0.0000,0.0000,7.0000,1.5783,0.1578,-40.5338,LOW
in_progress,HYBRID_VALUE_MOMENTUM,7,3,-5,10,1,-36.9065,-36.9065,-36.9065,-36.9065,0.0000,0.0000,0.0000,0.0000,7.0000,1.5783,0.1578,-40.5338,LOW
in_progress,HYBRID_VALUE_MOMENTUM,7,3,-5,15,1,-36.9065,-36.9065,-36.9065,-36.9065,0.0000,0.0000,0.0000,0.0000,7.0000,1.5783,0.1578,-40.5338,LOW
in_progress,HYBRID_VALUE_MOMENTUM,7,3,-10,7,1,-36.9065,-36.9065,-36.9065,-36.9065,0.0000,0.0000,0.0000,0.0000,7.0000,1.5783,0.1578,-40.5338,LOW
in_progress,HYBRID_VALUE_MOMENTUM,7,3,-10,10,1,-36.9065,-36.9065,-36.9065,-36.9065,0.0000,0.0000,0.0000,0.0000,7.0000,1.5783,0.1578,-40.5338,LOW
in_progress,HYBRID_VALUE_MOMENTUM,7,3,-10,15,1,-36.9065,-36.9065,-36.9065,-36.9065,0.0000,0.0000,0.0000,0.0000,7.0000,1.5783,0.1578,-40.5338,LOW
in_progress,HYBRID_VALUE_MOMENTUM,7,5,-5,7,1,-36.9065,-36.9065,-36.9065,-36.9065,0.0000,0.0000,0.0000,0.0000,7.0000,1.5783,0.1578,-40.5338,LOW
in_progress,HYBRID_VALUE_MOMENTUM,7,5,-5,10,1,-36.9065,-36.9065,-36.9065,-36.9065,0.0000,0.0000,0.0000,0.0000,7.0000,1.5783,0.1578,-40.5338,LOW
in_progress,HYBRID_VALUE_MOMENTUM,7,5,-5,15,1,-36.9065,-36.9065,-36.9065,-36.9065,0.0000,0.0000,0.0000,0.0000,7.0000,1.5783,0.1578,-40.5338,LOW
in_progress,HYBRID_VALUE_MOMENTUM,7,5,-10,7,1,-36.9065,-36.9065,-36.9065,-36.9065,0.0000,0.0000,0.0000,0.0000,7.0000,1.5783,0.1578,-40.5338,LOW
in_progress,HYBRID_VALUE_MOMENTUM,7,5,-10,10,1,-36.9065,-36.9065,-36.9065,-36.9065,0.0000,0.0000,0.0000,0.0000,7.0000,1.5783,0.1578,-40.5338,LOW
in_progress,HYBRID_VALUE_MOMENTUM,7,5,-10,15,1,-36.9065,-36.9065,-36.9065,-36.9065,0.0000,0.0000,0.0000,0.0000,7.0000,1.5783,0.1578,-40.5338,LOW